-- REF_INTERACTION_SUBJECT data
INSERT INTO REF_INTERACTION_SUBJECT (INTERACTION_SUBJECT_ID, SUBJECT) VALUES (1, 'Mandate/AML');
INSERT INTO REF_INTERACTION_SUBJECT (INTERACTION_SUBJECT_ID, SUBJECT) VALUES (2, 'PSDF');
INSERT INTO REF_INTERACTION_SUBJECT (INTERACTION_SUBJECT_ID, SUBJECT) VALUES (3, 'General');
INSERT INTO REF_INTERACTION_SUBJECT (INTERACTION_SUBJECT_ID, SUBJECT) VALUES (4, 'New Enquiry');
INSERT INTO REF_INTERACTION_SUBJECT (INTERACTION_SUBJECT_ID, SUBJECT) VALUES (5, 'Workflow');
INSERT INTO REF_INTERACTION_SUBJECT (INTERACTION_SUBJECT_ID, SUBJECT) VALUES (6, 'Book Orders');
INSERT INTO REF_INTERACTION_SUBJECT (INTERACTION_SUBJECT_ID, SUBJECT) VALUES (7, 'Statements');
INSERT INTO REF_INTERACTION_SUBJECT (INTERACTION_SUBJECT_ID, SUBJECT) VALUES (8, 'Applications');
INSERT INTO REF_INTERACTION_SUBJECT (INTERACTION_SUBJECT_ID, SUBJECT) VALUES (9, 'Interest Rate');
INSERT INTO REF_INTERACTION_SUBJECT (INTERACTION_SUBJECT_ID, SUBJECT) VALUES (10, 'Prices');
INSERT INTO REF_INTERACTION_SUBJECT (INTERACTION_SUBJECT_ID, SUBJECT) VALUES (11, 'IVS');
INSERT INTO REF_INTERACTION_SUBJECT (INTERACTION_SUBJECT_ID, SUBJECT) VALUES (12, 'Help with form');
INSERT INTO REF_INTERACTION_SUBJECT (INTERACTION_SUBJECT_ID, SUBJECT) VALUES (13, 'Withdrawal Enquiry');
INSERT INTO REF_INTERACTION_SUBJECT (INTERACTION_SUBJECT_ID, SUBJECT) VALUES (14, 'Deposit Enquiry');
INSERT INTO REF_INTERACTION_SUBJECT (INTERACTION_SUBJECT_ID, SUBJECT) VALUES (15, 'Transaction Enquiry');
INSERT INTO REF_INTERACTION_SUBJECT (INTERACTION_SUBJECT_ID, SUBJECT) VALUES (16, 'Referrals  - Investment Guidance');
INSERT INTO REF_INTERACTION_SUBJECT (INTERACTION_SUBJECT_ID, SUBJECT) VALUES (17, 'Complaints/Errors');
INSERT INTO REF_INTERACTION_SUBJECT (INTERACTION_SUBJECT_ID, SUBJECT) VALUES (18, 'Form Request');
INSERT INTO REF_INTERACTION_SUBJECT (INTERACTION_SUBJECT_ID, SUBJECT) VALUES (19, 'Additional Accounts');
INSERT INTO REF_INTERACTION_SUBJECT (INTERACTION_SUBJECT_ID, SUBJECT) VALUES (20, 'Bank Details');
INSERT INTO REF_INTERACTION_SUBJECT (INTERACTION_SUBJECT_ID, SUBJECT) VALUES (21, 'Chasers/Frozen Accounts');
INSERT INTO REF_INTERACTION_SUBJECT (INTERACTION_SUBJECT_ID, SUBJECT) VALUES (22, 'Lunatics');
INSERT INTO REF_INTERACTION_SUBJECT (INTERACTION_SUBJECT_ID, SUBJECT) VALUES (23, 'Stationery Request');

-- REF_INTERACTION_OUTCOME data
INSERT INTO REF_INTERACTION_OUTCOME (OUTCOME_ID, OUTCOME) VALUES (1, 'Completed');
INSERT INTO REF_INTERACTION_OUTCOME (OUTCOME_ID, OUTCOME) VALUES (2, 'Waiting on correspondent callback');
INSERT INTO REF_INTERACTION_OUTCOME (OUTCOME_ID, OUTCOME) VALUES (3, 'Correspondent callback required');
INSERT INTO REF_INTERACTION_OUTCOME (OUTCOME_ID, OUTCOME) VALUES (4, 'Further action required');
INSERT INTO REF_INTERACTION_OUTCOME (OUTCOME_ID, OUTCOME) VALUES (5, 'Disconnected');

-- REF_INTERACTION_OUTCOME_TYPE data
INSERT INTO REF_INTERACTION_OUTCOME_TYPE (OUTCOME_TYPE_ID, OUTCOME_ID, OUTCOME_TYPE) VALUES (1,1,'Explained to client');
INSERT INTO REF_INTERACTION_OUTCOME_TYPE (OUTCOME_TYPE_ID, OUTCOME_ID, OUTCOME_TYPE) VALUES (2,1,'Requested details sent by post/email');
INSERT INTO REF_INTERACTION_OUTCOME_TYPE (OUTCOME_TYPE_ID, OUTCOME_ID, OUTCOME_TYPE) VALUES (3,1,'Client cancelled request');
INSERT INTO REF_INTERACTION_OUTCOME_TYPE (OUTCOME_TYPE_ID, OUTCOME_ID, OUTCOME_TYPE) VALUES (4,1,'Complaint closed');

-- REF_INTERACTION_CATEGORY data
INSERT INTO REF_INTERACTION_CATEGORY (INTERACTION_CATEGORY_ID, INTERACTION_SUBJECT_ID, CATEGORY) VALUES (1,1,'Original not received/Client to complete');
INSERT INTO REF_INTERACTION_CATEGORY (INTERACTION_CATEGORY_ID, INTERACTION_SUBJECT_ID, CATEGORY) VALUES (2,1,'Account has Zero balance/Client wants to close');
INSERT INTO REF_INTERACTION_CATEGORY (INTERACTION_CATEGORY_ID, INTERACTION_SUBJECT_ID, CATEGORY) VALUES (3,1,'Mandate received but CCLA records not updated');
INSERT INTO REF_INTERACTION_CATEGORY (INTERACTION_CATEGORY_ID, INTERACTION_SUBJECT_ID, CATEGORY) VALUES (4,1,'Mandate returned - what is status?');
INSERT INTO REF_INTERACTION_CATEGORY (INTERACTION_CATEGORY_ID, INTERACTION_SUBJECT_ID, CATEGORY) VALUES (5,1,'Mandate has been IVS checked?');
INSERT INTO REF_INTERACTION_CATEGORY (INTERACTION_CATEGORY_ID, INTERACTION_SUBJECT_ID, CATEGORY) VALUES (6,1,'Confirmation of update sent to client why in population?');
INSERT INTO REF_INTERACTION_CATEGORY (INTERACTION_CATEGORY_ID, INTERACTION_SUBJECT_ID, CATEGORY) VALUES (7,1,'Internal records were updated - why in population?');
INSERT INTO REF_INTERACTION_CATEGORY (INTERACTION_CATEGORY_ID, INTERACTION_SUBJECT_ID, CATEGORY) VALUES (8,1,'Nominee issue');
INSERT INTO REF_INTERACTION_CATEGORY (INTERACTION_CATEGORY_ID, INTERACTION_SUBJECT_ID, CATEGORY) VALUES (9,1,'Not prepared to complete form');
INSERT INTO REF_INTERACTION_CATEGORY (INTERACTION_CATEGORY_ID, INTERACTION_SUBJECT_ID, CATEGORY) VALUES (10,1,'Client is investigating');
INSERT INTO REF_INTERACTION_CATEGORY (INTERACTION_CATEGORY_ID, INTERACTION_SUBJECT_ID, CATEGORY) VALUES (11,1,'Recently sent BAU mandate');
INSERT INTO REF_INTERACTION_CATEGORY (INTERACTION_CATEGORY_ID, INTERACTION_SUBJECT_ID, CATEGORY) VALUES (12,2,'Request Details');
INSERT INTO REF_INTERACTION_CATEGORY (INTERACTION_CATEGORY_ID, INTERACTION_SUBJECT_ID, CATEGORY) VALUES (13,2,'Request to Enroll');
INSERT INTO REF_INTERACTION_CATEGORY (INTERACTION_CATEGORY_ID, INTERACTION_SUBJECT_ID, CATEGORY) VALUES (14,2,'Form not received');
INSERT INTO REF_INTERACTION_CATEGORY (INTERACTION_CATEGORY_ID, INTERACTION_SUBJECT_ID, CATEGORY) VALUES (15,2,'Change to intentions');
INSERT INTO REF_INTERACTION_CATEGORY (INTERACTION_CATEGORY_ID, INTERACTION_SUBJECT_ID, CATEGORY) VALUES (16,3,'Returned Dividends - Investigate Write/Call');
INSERT INTO REF_INTERACTION_CATEGORY (INTERACTION_CATEGORY_ID, INTERACTION_SUBJECT_ID, CATEGORY) VALUES (17,3,'Returned Mail - Investigate Write/Call');
INSERT INTO REF_INTERACTION_CATEGORY (INTERACTION_CATEGORY_ID, INTERACTION_SUBJECT_ID, CATEGORY) VALUES (18,3,'Frozen Accounts - Investigate Write/Call');
INSERT INTO REF_INTERACTION_CATEGORY (INTERACTION_CATEGORY_ID, INTERACTION_SUBJECT_ID, CATEGORY) VALUES (19,3,'Follow-up call for new business enquiry');
INSERT INTO REF_INTERACTION_CATEGORY (INTERACTION_CATEGORY_ID, INTERACTION_SUBJECT_ID, CATEGORY) VALUES (20,3,'KYC follow-up call to new clients');
INSERT INTO REF_INTERACTION_CATEGORY (INTERACTION_CATEGORY_ID, INTERACTION_SUBJECT_ID, CATEGORY) VALUES (21,3,'Newly-registered Charities Log');
INSERT INTO REF_INTERACTION_CATEGORY (INTERACTION_CATEGORY_ID, INTERACTION_SUBJECT_ID, CATEGORY) VALUES (22,3,'New Scottish Charities Log');
INSERT INTO REF_INTERACTION_CATEGORY (INTERACTION_CATEGORY_ID, INTERACTION_SUBJECT_ID, CATEGORY) VALUES (23,3,'Web Enquiry Log');
INSERT INTO REF_INTERACTION_CATEGORY (INTERACTION_CATEGORY_ID, INTERACTION_SUBJECT_ID, CATEGORY) VALUES (24,3,'Send out new enquiry placs');
INSERT INTO REF_INTERACTION_CATEGORY (INTERACTION_CATEGORY_ID, INTERACTION_SUBJECT_ID, CATEGORY) VALUES (25,3,'Check, sign and upload outgoing letters');
INSERT INTO REF_INTERACTION_CATEGORY (INTERACTION_CATEGORY_ID, INTERACTION_SUBJECT_ID, CATEGORY) VALUES (26,3,'Email query - Investigate Write/Call');
INSERT INTO REF_INTERACTION_CATEGORY (INTERACTION_CATEGORY_ID, INTERACTION_SUBJECT_ID, CATEGORY) VALUES (27,3,'COO Form for stationary book order');
INSERT INTO REF_INTERACTION_CATEGORY (INTERACTION_CATEGORY_ID, INTERACTION_SUBJECT_ID, CATEGORY) VALUES (28,3,'Complaints - Investigate/liaise with Compliance/Write');
INSERT INTO REF_INTERACTION_CATEGORY (INTERACTION_CATEGORY_ID, INTERACTION_SUBJECT_ID, CATEGORY) VALUES (29,3,'COO referral form for errors/queries');
INSERT INTO REF_INTERACTION_CATEGORY (INTERACTION_CATEGORY_ID, INTERACTION_SUBJECT_ID, CATEGORY) VALUES (30,3,'Document chaser (Athena) - Investigate Write/Call');
INSERT INTO REF_INTERACTION_CATEGORY (INTERACTION_CATEGORY_ID, INTERACTION_SUBJECT_ID, CATEGORY) VALUES (31,3,'Eligibility (Athena) - Investigate Write/Call');
INSERT INTO REF_INTERACTION_CATEGORY (INTERACTION_CATEGORY_ID, INTERACTION_SUBJECT_ID, CATEGORY) VALUES (32,5,'Query from Transaction team - Clarification required (no need to contact client)');
INSERT INTO REF_INTERACTION_CATEGORY (INTERACTION_CATEGORY_ID, INTERACTION_SUBJECT_ID, CATEGORY) VALUES (33,5,'Query from Transaction team - Clarification required (contact client)');
INSERT INTO REF_INTERACTION_CATEGORY (INTERACTION_CATEGORY_ID, INTERACTION_SUBJECT_ID, CATEGORY) VALUES (34,5,'Verify large transactions with client');
INSERT INTO REF_INTERACTION_CATEGORY (INTERACTION_CATEGORY_ID, INTERACTION_SUBJECT_ID, CATEGORY) VALUES (35,5,'Mandate Referral - Clarification required (no need to contact client)');
INSERT INTO REF_INTERACTION_CATEGORY (INTERACTION_CATEGORY_ID, INTERACTION_SUBJECT_ID, CATEGORY) VALUES (36,5,'Mandate Referral - Clarification required (contact client)');
INSERT INTO REF_INTERACTION_CATEGORY (INTERACTION_CATEGORY_ID, INTERACTION_SUBJECT_ID, CATEGORY) VALUES (37,5,'Application Referral - Clarification required (no need to contact client)');
INSERT INTO REF_INTERACTION_CATEGORY (INTERACTION_CATEGORY_ID, INTERACTION_SUBJECT_ID, CATEGORY) VALUES (38,5,'Application Referral - Clarification required (contact client)');
INSERT INTO REF_INTERACTION_CATEGORY (INTERACTION_CATEGORY_ID, INTERACTION_SUBJECT_ID, CATEGORY) VALUES (39,5,'Audit Certificate query');
INSERT INTO REF_INTERACTION_CATEGORY (INTERACTION_CATEGORY_ID, INTERACTION_SUBJECT_ID, CATEGORY) VALUES (40,5,'AML referral - Investigate and override through Compliance');
INSERT INTO REF_INTERACTION_CATEGORY (INTERACTION_CATEGORY_ID, INTERACTION_SUBJECT_ID, CATEGORY) VALUES (41,5,'AML referral - Investigate and write to client');
INSERT INTO REF_INTERACTION_CATEGORY (INTERACTION_CATEGORY_ID, INTERACTION_SUBJECT_ID, CATEGORY) VALUES (42,18,'COIF Brochure/Mandate');
INSERT INTO REF_INTERACTION_CATEGORY (INTERACTION_CATEGORY_ID, INTERACTION_SUBJECT_ID, CATEGORY) VALUES (43,18,'CBF Brochure/Mandate');
INSERT INTO REF_INTERACTION_CATEGORY (INTERACTION_CATEGORY_ID, INTERACTION_SUBJECT_ID, CATEGORY) VALUES (44,18,'LAMIT Brochure/Mandate');
INSERT INTO REF_INTERACTION_CATEGORY (INTERACTION_CATEGORY_ID, INTERACTION_SUBJECT_ID, CATEGORY) VALUES (45,18,'PSDF Brochure/Mandate');
INSERT INTO REF_INTERACTION_CATEGORY (INTERACTION_CATEGORY_ID, INTERACTION_SUBJECT_ID, CATEGORY) VALUES (46,18,'General CCLA Materials');
INSERT INTO REF_INTERACTION_CATEGORY (INTERACTION_CATEGORY_ID, INTERACTION_SUBJECT_ID, CATEGORY) VALUES (47,18,'Multiple Documents (see note)');
INSERT INTO REF_INTERACTION_CATEGORY (INTERACTION_CATEGORY_ID, INTERACTION_SUBJECT_ID, CATEGORY) VALUES (68,23,'Amendment to Income \& Withdrawal Payments');
INSERT INTO REF_INTERACTION_CATEGORY (INTERACTION_CATEGORY_ID, INTERACTION_SUBJECT_ID, CATEGORY) VALUES (69,23,'Application Form'); 
INSERT INTO REF_INTERACTION_CATEGORY (INTERACTION_CATEGORY_ID, INTERACTION_SUBJECT_ID, CATEGORY) VALUES (70,23,'Application Form to Purchase Additional Units Over a Period');
INSERT INTO REF_INTERACTION_CATEGORY (INTERACTION_CATEGORY_ID, INTERACTION_SUBJECT_ID, CATEGORY) VALUES (71,23,'Application Form to Sell Units Over a Period');
INSERT INTO REF_INTERACTION_CATEGORY (INTERACTION_CATEGORY_ID, INTERACTION_SUBJECT_ID, CATEGORY) VALUES (72,23,'Application to open additional Deposit Fund Account');
INSERT INTO REF_INTERACTION_CATEGORY (INTERACTION_CATEGORY_ID, INTERACTION_SUBJECT_ID, CATEGORY) VALUES (73,23,'Application to open additional Unitised Account');
INSERT INTO REF_INTERACTION_CATEGORY (INTERACTION_CATEGORY_ID, INTERACTION_SUBJECT_ID, CATEGORY) VALUES (74,23,'Authorised Signatory Mandate Form');
INSERT INTO REF_INTERACTION_CATEGORY (INTERACTION_CATEGORY_ID, INTERACTION_SUBJECT_ID, CATEGORY) VALUES (75,23,'Bank List');
INSERT INTO REF_INTERACTION_CATEGORY (INTERACTION_CATEGORY_ID, INTERACTION_SUBJECT_ID, CATEGORY) VALUES (76,23,'CCLA for Charities Fund Guide Brochure');
INSERT INTO REF_INTERACTION_CATEGORY (INTERACTION_CATEGORY_ID, INTERACTION_SUBJECT_ID, CATEGORY) VALUES (77,23,'Change of Address Form');
INSERT INTO REF_INTERACTION_CATEGORY (INTERACTION_CATEGORY_ID, INTERACTION_SUBJECT_ID, CATEGORY) VALUES (78,23,'Cheque');
INSERT INTO REF_INTERACTION_CATEGORY (INTERACTION_CATEGORY_ID, INTERACTION_SUBJECT_ID, CATEGORY) VALUES (79,23,'Diocesan Multiple Transfer Form');
INSERT INTO REF_INTERACTION_CATEGORY (INTERACTION_CATEGORY_ID, INTERACTION_SUBJECT_ID, CATEGORY) VALUES (80,23,'Diocesan Signatory Form');
INSERT INTO REF_INTERACTION_CATEGORY (INTERACTION_CATEGORY_ID, INTERACTION_SUBJECT_ID, CATEGORY) VALUES (81,23,'Factsheet'); 
INSERT INTO REF_INTERACTION_CATEGORY (INTERACTION_CATEGORY_ID, INTERACTION_SUBJECT_ID, CATEGORY) VALUES (82,23,'Fuller Factsheet Charities Investment Fund');
INSERT INTO REF_INTERACTION_CATEGORY (INTERACTION_CATEGORY_ID, INTERACTION_SUBJECT_ID, CATEGORY) VALUES (83,23,'Mandate Form'); 
INSERT INTO REF_INTERACTION_CATEGORY (INTERACTION_CATEGORY_ID, INTERACTION_SUBJECT_ID, CATEGORY) VALUES (84,23,'Nominee Renunciation Form');
INSERT INTO REF_INTERACTION_CATEGORY (INTERACTION_CATEGORY_ID, INTERACTION_SUBJECT_ID, CATEGORY) VALUES (85,23,'Payment of Diocesan Quota by Standing Order');
INSERT INTO REF_INTERACTION_CATEGORY (INTERACTION_CATEGORY_ID, INTERACTION_SUBJECT_ID, CATEGORY) VALUES (86,23,'Prospectus');
INSERT INTO REF_INTERACTION_CATEGORY (INTERACTION_CATEGORY_ID, INTERACTION_SUBJECT_ID, CATEGORY) VALUES (87,23,'QRS Report');
INSERT INTO REF_INTERACTION_CATEGORY (INTERACTION_CATEGORY_ID, INTERACTION_SUBJECT_ID, CATEGORY) VALUES (88,23,'Quarterly Bulletin');
INSERT INTO REF_INTERACTION_CATEGORY (INTERACTION_CATEGORY_ID, INTERACTION_SUBJECT_ID, CATEGORY) VALUES (89,23,'Reports and Accounts Full Year'); 
INSERT INTO REF_INTERACTION_CATEGORY (INTERACTION_CATEGORY_ID, INTERACTION_SUBJECT_ID, CATEGORY) VALUES (90,23,'Reports and Accounts Half Year');
INSERT INTO REF_INTERACTION_CATEGORY (INTERACTION_CATEGORY_ID, INTERACTION_SUBJECT_ID, CATEGORY) VALUES (91,23,'Scheme Particular');
INSERT INTO REF_INTERACTION_CATEGORY (INTERACTION_CATEGORY_ID, INTERACTION_SUBJECT_ID, CATEGORY) VALUES (92,23,'Single Deposit');
INSERT INTO REF_INTERACTION_CATEGORY (INTERACTION_CATEGORY_ID, INTERACTION_SUBJECT_ID, CATEGORY) VALUES (93,23,'Socially Responsible Investment for Charities Brochure');
INSERT INTO REF_INTERACTION_CATEGORY (INTERACTION_CATEGORY_ID, INTERACTION_SUBJECT_ID, CATEGORY) VALUES (94,23,'Transfer of Units');

-----------------------------------------------------------------------------------------------------------------------
-- FOLLOWING MUST BE RAN ON UCMADMIN
-----------------------------------------------------------------------------------------------------------------------
-- Copy data from UCMADMIN.USERS to CCLA.USERS
INSERT INTO CCLA.USERS (DNAME) 
(SELECT DNAME FROM UCMADMIN.USERS);

-- Update ccla_notes to reset user Batchload and anonymous to System
UPDATE UCMADMIN.CCLA_NOTES SET USER_ID='System' WHERE USER_ID IN ('Batchload','anonymous');

-- Copy data from UCMADMIN.CCLA_NOTES to CCLA.NOTE
INSERT INTO CCLA.NOTE (NOTE_ID, USER_ID, DATE_ADDED, LAST_UPDATED_BY, LAST_UPDATED, NOTE_CONTENT)
(SELECT NOTE_ID, USER_ID, DATE_ADDED, UPDATE_USER_ID, LAST_UPDATED, NOTE FROM UCMADMIN.CCLA_NOTES);

-- Copy data from UCMADMIN.CCLA_NOTE_MAPPING to CCLA.NOTE_MAPPING
--INSERT INTO CCLA.NOTE_MAPPING (NOTE_MAPPING_ID, INTERACTION_ID, NOTE_ID) 
--(SELECT NOTE_MAPPING_ID, INTERACTION_ID, NOTE_ID FROM UCMADMIN.CCLA_NOTE_MAPPING)

-- Copy data from UCMADMIN.CCLA_INTERACTION to CCLA.INTERACTION
INSERT INTO CCLA.INTERACTION (INTERACTION_ID,USER_ID, INTERACTION_DATE, ORGANISATION_ID, PERSON_ID, ACCOUNT_ID, CONFIRM_TYPES,
  CONFIRM_OTHER, INTERACTION_TYPE, SUBJECT_ID, CATEGORY_ID, IS_QUERY, IS_COMPLAINT, IS_BREACH, IS_ERROR, CAMPAIGN_ID, JOB_ID,
  INTERACTION_STATUS, ASSIGNEE, DEADLINE, LAST_UPDATED, FUND_CODE, OUTCOME_ID, OUTCOME_TYPE_ID, OUTCOME_TEXT, CLOSED_BY) 
(SELECT INTERACTION_ID,USER_ID, INTERACTION_DATE, ORGANISATION_ID, PERSON_ID, ACCOUNT_ID, CONFIRM_TYPES,
  CONFIRM_OTHER, INTERACTION_TYPE, SUBJECT_ID, CATEGORY_ID, IS_QUERY, IS_COMPLAINT, IS_BREACH, IS_ERROR, CAMPAIGN_ID, JOB_ID,
  INTERACTION_STATUS, ASSIGNEE, DEADLINE, LAST_UPDATED, FUND_CODE, OUTCOME_ID, OUTCOME_TYPE_ID, OUTCOME_TEXT, CLOSED_BY FROM UCMADMIN.CCLA_INTERACTION);

-- Copy all data from UCMADMIN.CCLA_INTERACTION_GROUP to CCLA.INTERACTION_GROUP
INSERT INTO CCLA.INTERACTION_GROUP (GROUP_ID, LAST_UPDATED, INTERACTION_ID, USER_ID) 
(SELECT GROUP_ID, LAST_UPDATED, INTERACTION_ID, USER_ID FROM UCMADMIN.CCLA_INTERACTION_GROUP);
  

--Update ccla_activity and user_id from 'Batch Actions Queue' to 'System'
UPDATE UCMADMIN.CCLA_ACTIVITY SET USER_ID = 'System' WHERE USER_ID = 'Batch Actions Queue';
 
  
-- Copy all interaction in CCLA_ACTIVITY to INTERACTION_ACTIVITY
INSERT INTO CCLA.INTERACTION_ACTIVITY (ACTIVITY_ID, ACTIVITY_DATE, ACTIVITY_TYPE, ACTIVITY_ACTION, NOTE_ID, ERROR, PERSON_ID, USER_ID, ORGANISATION_ID, INTERACTION_ID)
(SELECT ACTIVITY_ID, ACTIVITY_DATE, ACTIVITY_TYPE, ACTIVITY_ACTION, NOTE_ID, ERROR, PERSON_ID, USER_ID, ORGANISATION_ID, INTERACTION_ID FROM UCMADMIN.CCLA_ACTIVITY 
WHERE INTERACTION_ID IS NOT NULL); 
  
  
  
ALTER TABLE COMM DROP CONSTRAINT INTERACTION_COMM_FK;
ALTER TABLE COMM ADD CONSTRAINT INTERACTION_COMM_FK FOREIGN KEY (INTERACTION_ID) REFERENCES CCLA.INTERACTION (INTERACTION_ID);


ALTER TABLE CCLA_ACTIVITY DROP CONSTRAINT ACTIVITY_NOTE_FK;
ALTER TABLE CCLA_ACTIVITY ADD CONSTRAINT ACTIVITY_NOTE_FK FOREIGN KEY (NOTE_ID) REFERENCES CCLA.NOTE (NOTE_ID);
 