
/*
Changes

15/11/2011 - CL
Added: 
1) alter table CCLA.CLIENT_AURORA_MAP modify CONTRIBUTER_TYPE_CODE default 0;
2) alter table CCLA.CLIENT_AURORA_MAP modify SUBDIVISION_CODE default 0;

Modified
3) alter table PERSON_AURORA_MAP modify REPORT_USAGE default 1;
4)ALTER TABLE CCLA.PERSON_AURORA_MAP ADD
(
REPORT_USAGE Integer                 CONSTRAINT CK_PAM_REPORTUSAGE CHECK (REPORT_USAGE BETWEEN 1 AND 99),

5) ALTER TABLE CCLA.CLIENT_AURORA_MAP ADD
(
   CONTRIBUTER_TYPE_CODE Integer,
   SUBDIVISION_CODE Integer,
   CONTRIBUTER_CODE Integer,

6) Constraint modifications after changes to PERSON_AURORA_MAP
7) Constraint modifications after changes to CLIENT_AURORA_MAP   
   
*/
-- Bank Account
ALTER TABLE CCLA.BANK_ACCOUNT 
  ADD BUILDING_SOCIETY_ROLL_NUMBER Varchar2(20);



DROP INDEX CCLA.BANKACCOUNT_ACCOUNT_UQ;
  
CREATE UNIQUE INDEX CCLA.BANKACCOUNT_ACCOUNT_UQ ON CCLA.BANK_ACCOUNT (ACCOUNT_NO,SORT_CODE,BUILDING_SOCIETY_ROLL_NUMBER);


-- Account Value
ALTER TABLE ACCOUNT_VALUE ADD (
  INCOME_FOR_DISTRIBUTION Number(38,6),
  INTEREST_DIVIDEND_ACCRUED Number(38,6),
  MANAGEMENT_EXPENSE_ACCRUED Number(38,6)
);


-- Person Aurora Map
ALTER TABLE CCLA.PERSON_AURORA_MAP ADD
(
   REPORT_USAGE Integer                 CONSTRAINT CK_PAM_REPORTUSAGE CHECK (REPORT_USAGE BETWEEN 1 AND 99),
   REPORT_MAIL_INDICATOR Integer        CONSTRAINT CK_PAM_MAIL CHECK (REPORT_MAIL_INDICATOR IN (0,1)),
   REPORT_EMAIL_INDICATOR Integer       CONSTRAINT CK_PAM_EMAIL CHECK (REPORT_EMAIL_INDICATOR IN (0,1)),
   LAST_UPDATED Timestamp(6),
   LAST_UPDATED_BY Varchar2(50 )
);

update CCLA.PERSON_AURORA_MAP
set LAST_UPDATED = sysdate,
    LAST_UPDATED_BY = 'System';


alter table PERSON_AURORA_MAP  modify LAST_UPDATED           CONSTRAINT PAM_LASTUPDATED_NN NOT NULL;
alter table PERSON_AURORA_MAP  modify LAST_UPDATED_BY        CONSTRAINT PAM_LASTUPDATEDBY_NN NOT NULL;

alter table PERSON_AURORA_MAP modify REPORT_USAGE default 1;
alter table PERSON_AURORA_MAP modify REPORT_MAIL_INDICATOR default 0;
alter table PERSON_AURORA_MAP modify REPORT_EMAIL_INDICATOR default 0;

CREATE INDEX IX_USER_PERSONAURORAMAP_FK ON PERSON_AURORA_MAP (LAST_UPDATED_BY);
ALTER TABLE CCLA.PERSON_AURORA_MAP ADD CONSTRAINT USERS_PAM_FK FOREIGN KEY (LAST_UPDATED_BY) REFERENCES UCMADMIN.USERS (DNAME);


-- Constraint modifications
DROP INDEX PERSONAURORAMAP_CORR_UQ;

CREATE UNIQUE INDEX PERSONAURORAMAP_CORR_UQ ON PERSON_AURORA_MAP
(
  "CORR_ID"
);

CREATE UNIQUE INDEX PERSONAURORAMAP_COMP_UQ ON PERSON_AURORA_MAP
(
  "PERSON_ID", "COMPANY_ID"
);

ALTER TABLE PERSON_AURORA_MAP DROP CONSTRAINT CORRID_NN;

-- Client Aurora Map
ALTER TABLE CCLA.CLIENT_AURORA_MAP ADD
(
   CONTRIBUTER_TYPE_CODE Integer,
   SUBDIVISION_CODE Integer,
   CONTRIBUTER_CODE Integer,
   INCOME_DIST_REPORT_IND Integer              CONSTRAINT CK_CAM_INCDISTREP CHECK (INCOME_DIST_REPORT_IND IN (0,1)),
   INCOME_DIST_REPORT_PAPER_IND Integer        CONSTRAINT CK_CAM_INCDISTREPPAP CHECK (INCOME_DIST_REPORT_PAPER_IND IN (0,1)),
   DEPOSIT_NO_OF_STATEMENTS Integer,
   UNITISED_NO_OF_STATEMENTS Integer,
   STATEMENTS_MONTH_1 Integer                  CONSTRAINT CK_CAM_STAT1 CHECK (STATEMENTS_MONTH_1 IN (0,1,2,3,4,5,6,7,8,9,10,11,12)),
   STATEMENTS_MONTH_2 Integer                  CONSTRAINT CK_CAM_STAT2 CHECK (STATEMENTS_MONTH_2 IN (0,1,2,3,4,5,6,7,8,9,10,11,12)),
   STATEMENTS_MONTH_3 Integer                  CONSTRAINT CK_CAM_STAT3 CHECK (STATEMENTS_MONTH_3 IN (0,1,2,3,4,5,6,7,8,9,10,11,12)),
   STATEMENTS_MONTH_4 Integer                  CONSTRAINT CK_CAM_STAT4 CHECK (STATEMENTS_MONTH_4 IN (0,1,2,3,4,5,6,7,8,9,10,11,12)),
   STATEMENTS_MONTH_ALL Integer                CONSTRAINT CK_CAM_STATALL CHECK (STATEMENTS_MONTH_ALL IN (0,1)),
   BULK_DEPOSIT_STATEMENT_IND Integer          CONSTRAINT CK_CAM_BULKDEP CHECK (BULK_DEPOSIT_STATEMENT_IND IN (0,1)),
   DEPOSIT_WITHDRAW_BOOKS_IND Integer          CONSTRAINT CK_CAM_DEPWITHBOOK CHECK (DEPOSIT_WITHDRAW_BOOKS_IND IN (0,1)),
   AUTO_STATIONARY_ORDERED_IND Integer         CONSTRAINT CK_CAM_AUTOSTATORDER CHECK (AUTO_STATIONARY_ORDERED_IND IN (0,1)),
   QUARTERLY_RPT_CLIENT_IND Integer            CONSTRAINT CK_CAM_QRTRREP CHECK (QUARTERLY_RPT_CLIENT_IND IN (0,1)),
   QUARTERLY_RPT_MANAGER_INITS Varchar2(30 ),
   MARKETING_GROUP_ID Integer,
   MARKETING_SUBGROUP_ID Integer,
   ACCOUNT_GROUP_ID Integer
);


ALTER TABLE CCLA.CLIENT_AURORA_MAP ADD
(
   LAST_UPDATED Timestamp(6),
   LAST_UPDATED_BY Varchar2(50 )
);

update CCLA.CLIENT_AURORA_MAP
set LAST_UPDATED = sysdate,
    LAST_UPDATED_BY = 'System';


alter table CLIENT_AURORA_MAP  modify LAST_UPDATED           CONSTRAINT CAM_LASTUPDATED_NN NOT NULL;
alter table CLIENT_AURORA_MAP  modify LAST_UPDATED_BY        CONSTRAINT CAM_LASTUPDATEDBY_NN NOT NULL;
CREATE INDEX IX_USER_CLIENTAURORAMAP_FK ON CLIENT_AURORA_MAP (LAST_UPDATED_BY);
ALTER TABLE CCLA.CLIENT_AURORA_MAP ADD CONSTRAINT USERS_CAM_FK FOREIGN KEY (LAST_UPDATED_BY) REFERENCES UCMADMIN.USERS (DNAME);


alter table CCLA.CLIENT_AURORA_MAP modify INCOME_DIST_REPORT_IND default 0;
alter table CCLA.CLIENT_AURORA_MAP modify INCOME_DIST_REPORT_PAPER_IND default 0;
alter table CCLA.CLIENT_AURORA_MAP modify STATEMENTS_MONTH_1 default 0;
alter table CCLA.CLIENT_AURORA_MAP modify STATEMENTS_MONTH_2 default 0;
alter table CCLA.CLIENT_AURORA_MAP modify STATEMENTS_MONTH_3 default 0;
alter table CCLA.CLIENT_AURORA_MAP modify STATEMENTS_MONTH_4 default 0;
alter table CCLA.CLIENT_AURORA_MAP modify QUARTERLY_RPT_CLIENT_IND default 0;

alter table CCLA.CLIENT_AURORA_MAP modify DEPOSIT_NO_OF_STATEMENTS default 1;
alter table CCLA.CLIENT_AURORA_MAP modify UNITISED_NO_OF_STATEMENTS default 1;
alter table CCLA.CLIENT_AURORA_MAP modify STATEMENTS_MONTH_ALL default 1;
alter table CCLA.CLIENT_AURORA_MAP modify AUTO_STATIONARY_ORDERED_IND default 1;

alter table CCLA.CLIENT_AURORA_MAP modify CONTRIBUTER_TYPE_CODE default 0;
alter table CCLA.CLIENT_AURORA_MAP modify SUBDIVISION_CODE default 0;

-- Constraint modifications
UPDATE CLIENT_AURORA_MAP SET CONTRIBUTER_TYPE_CODE = 0, SUBDIVISION_CODE = 0, CONTRIBUTER_CODE = CLIENT_NUMBER;

ALTER TABLE CLIENT_AURORA_MAP DROP CONSTRAINT CLMAP_ORG_UQ;

CREATE UNIQUE INDEX "CCLA"."CLMAP_ORG_COMP_UQ" ON "CCLA"."CLIENT_AURORA_MAP"
  (
    "ORGANISATION_ID", "COMPANY_ID"
  );

CREATE TABLE CCLA.REF_MARKETING_GROUP(
  MARKETING_GROUP_ID Integer NOT NULL,
  MARKETING_GROUP_NAME Varchar2(100 ) NOT NULL
);


ALTER TABLE CCLA.REF_MARKETING_GROUP ADD CONSTRAINT MARKETING_GROUP_PK PRIMARY KEY (MARKETING_GROUP_ID);



CREATE TABLE CCLA.REF_MARKETING_SUBGROUP(
  MARKETING_SUBGROUP_ID Integer NOT NULL,
  MARKETING_SUBGROUP_NAME Varchar2(100 ) NOT NULL,
  MARKETING_GROUP_ID Integer CONSTRAINT MKTSUBGRP_MKTGRP_NN NOT NULL
);

ALTER TABLE CCLA.REF_MARKETING_SUBGROUP ADD CONSTRAINT MARKETING_SUBGROUP_PK PRIMARY KEY (MARKETING_SUBGROUP_ID);

CREATE TABLE CCLA.REF_ACCOUNT_GROUP(
  ACCOUNT_GROUP_ID Integer NOT NULL,
  ACCOUNT_GROUP_NAME Varchar2(100 ) NOT NULL
);

ALTER TABLE CCLA.REF_ACCOUNT_GROUP ADD CONSTRAINT ACCOUNT_GROUP_PK PRIMARY KEY (ACCOUNT_GROUP_ID);

CREATE INDEX IX_MG_CAM_FK ON CCLA.CLIENT_AURORA_MAP (MARKETING_GROUP_ID); 
ALTER TABLE CCLA.CLIENT_AURORA_MAP ADD CONSTRAINT MG_CAM_FK FOREIGN KEY (MARKETING_GROUP_ID) REFERENCES CCLA.REF_MARKETING_GROUP (MARKETING_GROUP_ID);


CREATE INDEX IX_MSG_CAM_FK ON CCLA.CLIENT_AURORA_MAP (MARKETING_SUBGROUP_ID) ;
ALTER TABLE CCLA.CLIENT_AURORA_MAP ADD CONSTRAINT MSG_CAM_FK FOREIGN KEY (MARKETING_SUBGROUP_ID) REFERENCES CCLA.REF_MARKETING_SUBGROUP (MARKETING_SUBGROUP_ID);


CREATE INDEX IX_AG_CAM_FK ON CCLA.CLIENT_AURORA_MAP (ACCOUNT_GROUP_ID);
ALTER TABLE CCLA.CLIENT_AURORA_MAP ADD CONSTRAINT AG_CAM_FK FOREIGN KEY (ACCOUNT_GROUP_ID) REFERENCES CCLA.REF_ACCOUNT_GROUP (ACCOUNT_GROUP_ID);

CREATE INDEX MKTGRP_MKTSUBGRP_IX ON REF_MARKETING_SUBGROUP (MARKETING_GROUP_ID) 
/
ALTER TABLE REF_MARKETING_SUBGROUP ADD CONSTRAINT MKTGRP_MKTSUBGRP_FK FOREIGN KEY (MARKETING_GROUP_ID) REFERENCES REF_MARKETING_GROUP (MARKETING_GROUP_ID)
/

--Column Comments
COMMENT ON COLUMN BANK_ACCOUNT.BUILDING_SOCIETY_ROLL_NUMBER IS 'The unique Building Society Roll Number used to identify the Account';
COMMENT ON COLUMN ACCOUNT_VALUE.INCOME_FOR_DISTRIBUTION IS 'The income earned on the account in the last distribution period, that is pending distribution by being reinvested in an account or paid to the nominated bankaccount - for unitised accounts only';
COMMENT ON COLUMN ACCOUNT_VALUE.INTEREST_DIVIDEND_ACCRUED IS 'The interest earned on the account in the last distribution period, that is pending distribution by being reinvested in an account or paid to the nominated bankaccount - for deposit accounts only';
COMMENT ON COLUMN ACCOUNT_VALUE.MANAGEMENT_EXPENSE_ACCRUED IS 'The management expenses accrued for this account in the last distribution period.Currently used for LAMIT accounts only.';

COMMENT ON COLUMN PERSON_AURORA_MAP.REPORT_USAGE IS 'The number of copies of the ''report and account list'' report that is sent to the Correspondent';
COMMENT ON COLUMN PERSON_AURORA_MAP.REPORT_MAIL_INDICATOR IS 'Y/N flag indicates if the report is to be sent to the default correspondent by post';
COMMENT ON COLUMN PERSON_AURORA_MAP.REPORT_EMAIL_INDICATOR IS 'Y/N flag indicates if the report is to be sent to the default correspondent by email';

-- Synonyms/grants
CREATE OR REPLACE PUBLIC SYNONYM REF_MARKETING_GROUP FOR CCLA.REF_MARKETING_GROUP;
CREATE OR REPLACE PUBLIC SYNONYM REF_MARKETING_SUBGROUP FOR CCLA.REF_MARKETING_SUBGROUP;
CREATE OR REPLACE PUBLIC SYNONYM REF_ACCOUNT_GROUP FOR CCLA.REF_ACCOUNT_GROUP;

GRANT ALL ON REF_MARKETING_GROUP TO UCMADMIN;
GRANT ALL ON REF_MARKETING_SUBGROUP TO UCMADMIN;
GRANT ALL ON REF_ACCOUNT_GROUP TO UCMADMIN;

-- Add new Account Element Attributes (already in dev/UAT/live DBs)
REM INSERTING into REF_ELEMENT_ATTRIBUTES
Insert into REF_ELEMENT_ATTRIBUTES (ELEMENT_ATTRIBUTE_ID,ELEMENT_ATTRIBUTE_NAME,ELEMENT_TYPE_ID,ELEMENT_ATTRIBUTE_DESCRIPTION,SET_BY_USER,VERIFICATION_SOURCE_ID,ELEMENT_IDENTIFIER_ID,USER_GROUPS,ELEMENT_ATTRIBUTE_DATA_TYPE,ELEMENT_ATTRIBUTE_TYPE_ID) values 
(51,'Standing Transactions',3,null,1,null,null,null,'BOOL',5);
Insert into REF_ELEMENT_ATTRIBUTES (ELEMENT_ATTRIBUTE_ID,ELEMENT_ATTRIBUTE_NAME,ELEMENT_TYPE_ID,ELEMENT_ATTRIBUTE_DESCRIPTION,SET_BY_USER,VERIFICATION_SOURCE_ID,ELEMENT_IDENTIFIER_ID,USER_GROUPS,ELEMENT_ATTRIBUTE_DATA_TYPE,ELEMENT_ATTRIBUTE_TYPE_ID) values 
(52,'Last Statement Cash',3,'Total cash holding since the last statement was generated',0,null,null,null,'FLOAT',5);
Insert into REF_ELEMENT_ATTRIBUTES (ELEMENT_ATTRIBUTE_ID,ELEMENT_ATTRIBUTE_NAME,ELEMENT_TYPE_ID,ELEMENT_ATTRIBUTE_DESCRIPTION,SET_BY_USER,VERIFICATION_SOURCE_ID,ELEMENT_IDENTIFIER_ID,USER_GROUPS,ELEMENT_ATTRIBUTE_DATA_TYPE,ELEMENT_ATTRIBUTE_TYPE_ID) values 
(53,'Last Statement Units',3,'Total unit holding since the last statement was generated',0,null,null,null,'FLOAT',5);

-- Nominated Org/Account Correspondent updates
----------------------------------------------
-- Singleton Scope column
ALTER TABLE REF_RELATION_PROPERTY ADD (
  SINGLETON_SCOPE Integer CONSTRAINT RELPROP_SINGLETONSCOPE_CHK CHECK (SINGLETON_SCOPE IN (1,2,3))
);

COMMENT ON COLUMN REF_RELATION_PROPERTY.SINGLETON_SCOPE IS 
'For singleton properties, this determines which side of the relation is enforced as the singleton. 

1 = ELEMENT_ID1 element is the singleton
2 = ELEMENT_ID2 element is the singleton
3 = ELEMENT_ID1 and ELEMENT_ID2 elements both singleton

e.g. if the value is 1, the property can only be applied to a single instance of each ELEMENT_ID in the ELEMENT_ID1 field. When such a relation property is applied, any other existing instances with a matching ELEMENT_ID1 value are removed.

e.g. if the value is 3, the property can only be applied to a single instance of each ELEMENT_ID in both ELEMENT_ID1 and ELEMENT_ID2 fields. When such a relation property is applied, any other existing instances with matching ELEMENT_ID1 or ELEMENT_ID2 values are removed.';


-- Amend Default property name
UPDATE REF_PROPERTY SET PROPERTY_NAME = 'Default/Nominated' WHERE PROPERTY_ID = 1;

-- Add new Default properties to Org-Corr and Corr-Acc relations
INSERT INTO REF_RELATION_PROPERTY VALUES (31,1,1,1);
INSERT INTO REF_RELATION_PROPERTY VALUES (32,80,1,2);

-- Amend current singleton relation properties
UPDATE REF_RELATION_PROPERTY SET SINGLETON_SCOPE = 1 WHERE RELATION_PROPERTY_ID = 1;
UPDATE REF_RELATION_PROPERTY SET SINGLETON_SCOPE = 1 WHERE RELATION_PROPERTY_ID = 2;


-- Ensure all accounts are configured as 'Aurora Accounts' except Loan accounts
UPDATE ACCOUNT SET AURORA_ACCOUNT = 1 WHERE AURORA_ACCOUNT = 0 AND ACCOUNT_TYPE_ID IN (1,2);

-- Set all Loan accounts to not be 'Aurora Accounts'
UPDATE ACCOUNT SET AURORA_ACCOUNT = 0 WHERE ACCOUNT_TYPE_ID = 3;

-- Corr Code sequence
CREATE SEQUENCE CCLA.SEQ_AURORA_CORRNUMBER MINVALUE 2000000 CACHE 20;

CREATE OR REPLACE PUBLIC SYNONYM SEQ_AURORA_CORRNUMBER FOR CCLA.SEQ_AURORA_CORRNUMBER;
GRANT ALL ON SEQ_AURORA_CORRNUMBER TO UCMADMIN;


-- Client Reference Data
REM INSERTING into REF_MARKETING_GROUP
Insert into REF_MARKETING_GROUP (MARKETING_GROUP_ID,MARKETING_GROUP_NAME) values (1,'Culture Sport and Recreation');
Insert into REF_MARKETING_GROUP (MARKETING_GROUP_ID,MARKETING_GROUP_NAME) values (2,'Education Training and Scientific Research');
Insert into REF_MARKETING_GROUP (MARKETING_GROUP_ID,MARKETING_GROUP_NAME) values (3,'Health and Medicine');
Insert into REF_MARKETING_GROUP (MARKETING_GROUP_ID,MARKETING_GROUP_NAME) values (4,'Social Services and Relief');
Insert into REF_MARKETING_GROUP (MARKETING_GROUP_ID,MARKETING_GROUP_NAME) values (5,'Conservation and Protection');
Insert into REF_MARKETING_GROUP (MARKETING_GROUP_ID,MARKETING_GROUP_NAME) values (6,'Housing and Community Affairs');
Insert into REF_MARKETING_GROUP (MARKETING_GROUP_ID,MARKETING_GROUP_NAME) values (7,'Civil Rights, Citizenship and Law and Order');
Insert into REF_MARKETING_GROUP (MARKETING_GROUP_ID,MARKETING_GROUP_NAME) values (8,'Philanthropic Intermediation');
Insert into REF_MARKETING_GROUP (MARKETING_GROUP_ID,MARKETING_GROUP_NAME) values (9,'International Activities');
Insert into REF_MARKETING_GROUP (MARKETING_GROUP_ID,MARKETING_GROUP_NAME) values (10,'Business and Professional');
Insert into REF_MARKETING_GROUP (MARKETING_GROUP_ID,MARKETING_GROUP_NAME) values (14,'Religion');

REM INSERTING into REF_MARKETING_SUBGROUP
Insert into REF_MARKETING_SUBGROUP (MARKETING_SUBGROUP_ID,MARKETING_SUBGROUP_NAME,MARKETING_GROUP_ID) values (1,'Culture Sport and Recreation General',1);
Insert into REF_MARKETING_SUBGROUP (MARKETING_SUBGROUP_ID,MARKETING_SUBGROUP_NAME,MARKETING_GROUP_ID) values (2,'Culture and Arts',1);
Insert into REF_MARKETING_SUBGROUP (MARKETING_SUBGROUP_ID,MARKETING_SUBGROUP_NAME,MARKETING_GROUP_ID) values (3,'Sport and Recreation',1);
Insert into REF_MARKETING_SUBGROUP (MARKETING_SUBGROUP_ID,MARKETING_SUBGROUP_NAME,MARKETING_GROUP_ID) values (4,'Service Clubs',1);
Insert into REF_MARKETING_SUBGROUP (MARKETING_SUBGROUP_ID,MARKETING_SUBGROUP_NAME,MARKETING_GROUP_ID) values (8,'Education, training and Scientific Research',2);
Insert into REF_MARKETING_SUBGROUP (MARKETING_SUBGROUP_ID,MARKETING_SUBGROUP_NAME,MARKETING_GROUP_ID) values (9,'Primaryand Secondary Education',2);
Insert into REF_MARKETING_SUBGROUP (MARKETING_SUBGROUP_ID,MARKETING_SUBGROUP_NAME,MARKETING_GROUP_ID) values (10,'Higher Education',2);
Insert into REF_MARKETING_SUBGROUP (MARKETING_SUBGROUP_ID,MARKETING_SUBGROUP_NAME,MARKETING_GROUP_ID) values (11,'Learned Societies',2);
Insert into REF_MARKETING_SUBGROUP (MARKETING_SUBGROUP_ID,MARKETING_SUBGROUP_NAME,MARKETING_GROUP_ID) values (12,'Other Education and Training',2);
Insert into REF_MARKETING_SUBGROUP (MARKETING_SUBGROUP_ID,MARKETING_SUBGROUP_NAME,MARKETING_GROUP_ID) values (13,'Scientific Research',2);
Insert into REF_MARKETING_SUBGROUP (MARKETING_SUBGROUP_ID,MARKETING_SUBGROUP_NAME,MARKETING_GROUP_ID) values (15,'Health and Medicine General',3);
Insert into REF_MARKETING_SUBGROUP (MARKETING_SUBGROUP_ID,MARKETING_SUBGROUP_NAME,MARKETING_GROUP_ID) values (16,'Medical Associations and Societies',3);
Insert into REF_MARKETING_SUBGROUP (MARKETING_SUBGROUP_ID,MARKETING_SUBGROUP_NAME,MARKETING_GROUP_ID) values (17,'Hospitals, Nursing Homes and Health Care',3);
Insert into REF_MARKETING_SUBGROUP (MARKETING_SUBGROUP_ID,MARKETING_SUBGROUP_NAME,MARKETING_GROUP_ID) values (49,'Medical Educational Establishments',3);
Insert into REF_MARKETING_SUBGROUP (MARKETING_SUBGROUP_ID,MARKETING_SUBGROUP_NAME,MARKETING_GROUP_ID) values (50,'Medical Research, Specific Diseases and Conditions',3);
Insert into REF_MARKETING_SUBGROUP (MARKETING_SUBGROUP_ID,MARKETING_SUBGROUP_NAME,MARKETING_GROUP_ID) values (51,'People with Mental and Physical Disabilities',3);
Insert into REF_MARKETING_SUBGROUP (MARKETING_SUBGROUP_ID,MARKETING_SUBGROUP_NAME,MARKETING_GROUP_ID) values (52,'People with Mental Disabilities',3);
Insert into REF_MARKETING_SUBGROUP (MARKETING_SUBGROUP_ID,MARKETING_SUBGROUP_NAME,MARKETING_GROUP_ID) values (53,'People with Physical Disabilities',3);
Insert into REF_MARKETING_SUBGROUP (MARKETING_SUBGROUP_ID,MARKETING_SUBGROUP_NAME,MARKETING_GROUP_ID) values (54,'People with Visual Impairment',3);
Insert into REF_MARKETING_SUBGROUP (MARKETING_SUBGROUP_ID,MARKETING_SUBGROUP_NAME,MARKETING_GROUP_ID) values (55,'People with Visual and Hearing Impairment',3);
Insert into REF_MARKETING_SUBGROUP (MARKETING_SUBGROUP_ID,MARKETING_SUBGROUP_NAME,MARKETING_GROUP_ID) values (56,'People with Hearing Impairment',3);
Insert into REF_MARKETING_SUBGROUP (MARKETING_SUBGROUP_ID,MARKETING_SUBGROUP_NAME,MARKETING_GROUP_ID) values (57,'Alternative Treatments',3);
Insert into REF_MARKETING_SUBGROUP (MARKETING_SUBGROUP_ID,MARKETING_SUBGROUP_NAME,MARKETING_GROUP_ID) values (58,'Ambulance and Rescue Services',3);
Insert into REF_MARKETING_SUBGROUP (MARKETING_SUBGROUP_ID,MARKETING_SUBGROUP_NAME,MARKETING_GROUP_ID) values (18,'Social Services and Relief General',4);
Insert into REF_MARKETING_SUBGROUP (MARKETING_SUBGROUP_ID,MARKETING_SUBGROUP_NAME,MARKETING_GROUP_ID) values (19,'Welfare of Special Groups',4);
Insert into REF_MARKETING_SUBGROUP (MARKETING_SUBGROUP_ID,MARKETING_SUBGROUP_NAME,MARKETING_GROUP_ID) values (20,'Welfare of the Young',4);
Insert into REF_MARKETING_SUBGROUP (MARKETING_SUBGROUP_ID,MARKETING_SUBGROUP_NAME,MARKETING_GROUP_ID) values (21,'Welfare of the family',4);
Insert into REF_MARKETING_SUBGROUP (MARKETING_SUBGROUP_ID,MARKETING_SUBGROUP_NAME,MARKETING_GROUP_ID) values (59,'Welfare of the Aged',4);
Insert into REF_MARKETING_SUBGROUP (MARKETING_SUBGROUP_ID,MARKETING_SUBGROUP_NAME,MARKETING_GROUP_ID) values (22,'Conservation and protection general',5);
Insert into REF_MARKETING_SUBGROUP (MARKETING_SUBGROUP_ID,MARKETING_SUBGROUP_NAME,MARKETING_GROUP_ID) values (23,'Environment',5);
Insert into REF_MARKETING_SUBGROUP (MARKETING_SUBGROUP_ID,MARKETING_SUBGROUP_NAME,MARKETING_GROUP_ID) values (24,'Animals and Wildlife',5);
Insert into REF_MARKETING_SUBGROUP (MARKETING_SUBGROUP_ID,MARKETING_SUBGROUP_NAME,MARKETING_GROUP_ID) values (25,'Exploration',5);
Insert into REF_MARKETING_SUBGROUP (MARKETING_SUBGROUP_ID,MARKETING_SUBGROUP_NAME,MARKETING_GROUP_ID) values (28,'Housing and Community Affairs General',6);
Insert into REF_MARKETING_SUBGROUP (MARKETING_SUBGROUP_ID,MARKETING_SUBGROUP_NAME,MARKETING_GROUP_ID) values (29,'Economic Social and Community Development',6);
Insert into REF_MARKETING_SUBGROUP (MARKETING_SUBGROUP_ID,MARKETING_SUBGROUP_NAME,MARKETING_GROUP_ID) values (30,'Housing and Accomodation',6);
Insert into REF_MARKETING_SUBGROUP (MARKETING_SUBGROUP_ID,MARKETING_SUBGROUP_NAME,MARKETING_GROUP_ID) values (31,'Employment and Job Training',6);
Insert into REF_MARKETING_SUBGROUP (MARKETING_SUBGROUP_ID,MARKETING_SUBGROUP_NAME,MARKETING_GROUP_ID) values (34,'Civil Rights, Citizenship, Law and Order General',7);
Insert into REF_MARKETING_SUBGROUP (MARKETING_SUBGROUP_ID,MARKETING_SUBGROUP_NAME,MARKETING_GROUP_ID) values (35,'Civil and Ethnic',7);
Insert into REF_MARKETING_SUBGROUP (MARKETING_SUBGROUP_ID,MARKETING_SUBGROUP_NAME,MARKETING_GROUP_ID) values (36,'Law and Order',7);
Insert into REF_MARKETING_SUBGROUP (MARKETING_SUBGROUP_ID,MARKETING_SUBGROUP_NAME,MARKETING_GROUP_ID) values (40,'Philanthropic Intermediation General',8);
Insert into REF_MARKETING_SUBGROUP (MARKETING_SUBGROUP_ID,MARKETING_SUBGROUP_NAME,MARKETING_GROUP_ID) values (41,'Services for Philanthropic Organisations',8);
Insert into REF_MARKETING_SUBGROUP (MARKETING_SUBGROUP_ID,MARKETING_SUBGROUP_NAME,MARKETING_GROUP_ID) values (42,'International Activities General',9);
Insert into REF_MARKETING_SUBGROUP (MARKETING_SUBGROUP_ID,MARKETING_SUBGROUP_NAME,MARKETING_GROUP_ID) values (43,'International Friendship and Culture',9);
Insert into REF_MARKETING_SUBGROUP (MARKETING_SUBGROUP_ID,MARKETING_SUBGROUP_NAME,MARKETING_GROUP_ID) values (44,'International Development Assistance',9);
Insert into REF_MARKETING_SUBGROUP (MARKETING_SUBGROUP_ID,MARKETING_SUBGROUP_NAME,MARKETING_GROUP_ID) values (45,'International   Disaster and Relief Organisations',9);
Insert into REF_MARKETING_SUBGROUP (MARKETING_SUBGROUP_ID,MARKETING_SUBGROUP_NAME,MARKETING_GROUP_ID) values (60,'International Peace and Human Rights Organisations',9);
Insert into REF_MARKETING_SUBGROUP (MARKETING_SUBGROUP_ID,MARKETING_SUBGROUP_NAME,MARKETING_GROUP_ID) values (61,'International Jewish and Israeli Causes',9);
Insert into REF_MARKETING_SUBGROUP (MARKETING_SUBGROUP_ID,MARKETING_SUBGROUP_NAME,MARKETING_GROUP_ID) values (62,'International Science and Education',9);
Insert into REF_MARKETING_SUBGROUP (MARKETING_SUBGROUP_ID,MARKETING_SUBGROUP_NAME,MARKETING_GROUP_ID) values (63,'International Welfare',9);
Insert into REF_MARKETING_SUBGROUP (MARKETING_SUBGROUP_ID,MARKETING_SUBGROUP_NAME,MARKETING_GROUP_ID) values (64,'International Health and Medicine',9);
Insert into REF_MARKETING_SUBGROUP (MARKETING_SUBGROUP_ID,MARKETING_SUBGROUP_NAME,MARKETING_GROUP_ID) values (65,'International Conservation and Protection',9);
Insert into REF_MARKETING_SUBGROUP (MARKETING_SUBGROUP_ID,MARKETING_SUBGROUP_NAME,MARKETING_GROUP_ID) values (66,'International Religion',9);
Insert into REF_MARKETING_SUBGROUP (MARKETING_SUBGROUP_ID,MARKETING_SUBGROUP_NAME,MARKETING_GROUP_ID) values (67,'International Philanthropic Intermediation',9);
Insert into REF_MARKETING_SUBGROUP (MARKETING_SUBGROUP_ID,MARKETING_SUBGROUP_NAME,MARKETING_GROUP_ID) values (68,'Business and Professional General',10);
Insert into REF_MARKETING_SUBGROUP (MARKETING_SUBGROUP_ID,MARKETING_SUBGROUP_NAME,MARKETING_GROUP_ID) values (69,'Business Associations',10);
Insert into REF_MARKETING_SUBGROUP (MARKETING_SUBGROUP_ID,MARKETING_SUBGROUP_NAME,MARKETING_GROUP_ID) values (70,'Professional Associations',10);
Insert into REF_MARKETING_SUBGROUP (MARKETING_SUBGROUP_ID,MARKETING_SUBGROUP_NAME,MARKETING_GROUP_ID) values (71,'Religion general',14);
Insert into REF_MARKETING_SUBGROUP (MARKETING_SUBGROUP_ID,MARKETING_SUBGROUP_NAME,MARKETING_GROUP_ID) values (72,'Christian',14);
Insert into REF_MARKETING_SUBGROUP (MARKETING_SUBGROUP_ID,MARKETING_SUBGROUP_NAME,MARKETING_GROUP_ID) values (73,'Jewish',14);
Insert into REF_MARKETING_SUBGROUP (MARKETING_SUBGROUP_ID,MARKETING_SUBGROUP_NAME,MARKETING_GROUP_ID) values (74,'Muslim',14);

REM INSERTING into REF_ACCOUNT_GROUP
Insert into REF_ACCOUNT_GROUP (ACCOUNT_GROUP_ID,ACCOUNT_GROUP_NAME) values (1,'NHS Trusts                                        ');
Insert into REF_ACCOUNT_GROUP (ACCOUNT_GROUP_ID,ACCOUNT_GROUP_NAME) values (2,'Order of St John                                  ');
Insert into REF_ACCOUNT_GROUP (ACCOUNT_GROUP_ID,ACCOUNT_GROUP_NAME) values (3,'United Reformed Church                            ');
Insert into REF_ACCOUNT_GROUP (ACCOUNT_GROUP_ID,ACCOUNT_GROUP_NAME) values (7,'Baptist Union                                     ');
Insert into REF_ACCOUNT_GROUP (ACCOUNT_GROUP_ID,ACCOUNT_GROUP_NAME) values (8,'Church of England                                 ');
Insert into REF_ACCOUNT_GROUP (ACCOUNT_GROUP_ID,ACCOUNT_GROUP_NAME) values (9,'Congregational Federation                         ');
Insert into REF_ACCOUNT_GROUP (ACCOUNT_GROUP_ID,ACCOUNT_GROUP_NAME) values (10,'Abbeyfield                                        ');
Insert into REF_ACCOUNT_GROUP (ACCOUNT_GROUP_ID,ACCOUNT_GROUP_NAME) values (11,'Citizens Advice Bureaux                           ');
Insert into REF_ACCOUNT_GROUP (ACCOUNT_GROUP_ID,ACCOUNT_GROUP_NAME) values (12,'Crossroads                                        ');
Insert into REF_ACCOUNT_GROUP (ACCOUNT_GROUP_ID,ACCOUNT_GROUP_NAME) values (13,'Womens Institute                                  ');
Insert into REF_ACCOUNT_GROUP (ACCOUNT_GROUP_ID,ACCOUNT_GROUP_NAME) values (14,'Barclays Bank Trust Limited                       ');
Insert into REF_ACCOUNT_GROUP (ACCOUNT_GROUP_ID,ACCOUNT_GROUP_NAME) values (15,'Southern Derby Acute Hospitals NHS Trust          ');
Insert into REF_ACCOUNT_GROUP (ACCOUNT_GROUP_ID,ACCOUNT_GROUP_NAME) values (16,'Great Torrington Charities                        ');
Insert into REF_ACCOUNT_GROUP (ACCOUNT_GROUP_ID,ACCOUNT_GROUP_NAME) values (17,'Magdalen and Lasher Charities                      ');
Insert into REF_ACCOUNT_GROUP (ACCOUNT_GROUP_ID,ACCOUNT_GROUP_NAME) values (18,'Birmingham Blue Coat Schools                      ');
Insert into REF_ACCOUNT_GROUP (ACCOUNT_GROUP_ID,ACCOUNT_GROUP_NAME) values (19,'Barnes Workhouse Fund                             ');
Insert into REF_ACCOUNT_GROUP (ACCOUNT_GROUP_ID,ACCOUNT_GROUP_NAME) values (20,'Rhondda Cynon Taff Welsh Church Act Fund          ');
Insert into REF_ACCOUNT_GROUP (ACCOUNT_GROUP_ID,ACCOUNT_GROUP_NAME) values (21,'Royal Female School of Art                        ');
Insert into REF_ACCOUNT_GROUP (ACCOUNT_GROUP_ID,ACCOUNT_GROUP_NAME) values (22,'Hinchingbrooke School Foundation                  ');
Insert into REF_ACCOUNT_GROUP (ACCOUNT_GROUP_ID,ACCOUNT_GROUP_NAME) values (23,'Bolton Guild of Help                              ');
Insert into REF_ACCOUNT_GROUP (ACCOUNT_GROUP_ID,ACCOUNT_GROUP_NAME) values (24,'Spurgeons Child Care                              ');
Insert into REF_ACCOUNT_GROUP (ACCOUNT_GROUP_ID,ACCOUNT_GROUP_NAME) values (25,'West Midlands Air Ambulance Fund                  ');
Insert into REF_ACCOUNT_GROUP (ACCOUNT_GROUP_ID,ACCOUNT_GROUP_NAME) values (26,'Community Services NHS Trust, South Derbyshire    ');
Insert into REF_ACCOUNT_GROUP (ACCOUNT_GROUP_ID,ACCOUNT_GROUP_NAME) values (27,'U3A                                               ');
Insert into REF_ACCOUNT_GROUP (ACCOUNT_GROUP_ID,ACCOUNT_GROUP_NAME) values (28,'Crescent                                          ');
Insert into REF_ACCOUNT_GROUP (ACCOUNT_GROUP_ID,ACCOUNT_GROUP_NAME) values (29,'Royal British Legion Head Office Trustee          ');
