-- Instruction Tables Data Load
-- ----------------------------
-- Requires all schema updates from CCLA_Transactions component to be
-- executed first.

-- Create new Sequences
CREATE SEQUENCE SEQ_COMM;
CREATE SEQUENCE SEQ_COMM_GROUP;
CREATE SEQUENCE SEQ_INSTRUCTION;
CREATE SEQUENCE SEQ_INSTRUCTION_DATA_APPLIED;

CREATE OR REPLACE PUBLIC SYNONYM SEQ_COMM FOR CCLA.SEQ_COMM;
CREATE OR REPLACE PUBLIC SYNONYM SEQ_COMM_GROUP FOR CCLA.SEQ_COMM_GROUP;
CREATE OR REPLACE PUBLIC SYNONYM SEQ_INSTRUCTION FOR CCLA.SEQ_INSTRUCTION;
CREATE OR REPLACE PUBLIC SYNONYM SEQ_INSTRUCTION_DATA_APPLIED FOR CCLA.SEQ_INSTRUCTION_DATA_APPLIED;

GRANT ALL ON SEQ_COMM TO UCMADMIN;
GRANT ALL ON SEQ_COMM_GROUP TO UCMADMIN;
GRANT ALL ON SEQ_INSTRUCTION TO UCMADMIN;
GRANT ALL ON SEQ_INSTRUCTION_DATA_APPLIED TO UCMADMIN;

-- REF_DATA_TYPE
REM INSERTING into REF_DATA_TYPE
Insert into REF_DATA_TYPE (DATA_TYPE_NAME,DATA_TYPE_DESCRIPTION) values ('STRING','Alphanumeric data');
Insert into REF_DATA_TYPE (DATA_TYPE_NAME,DATA_TYPE_DESCRIPTION) values ('DATE','Dates and times');
Insert into REF_DATA_TYPE (DATA_TYPE_NAME,DATA_TYPE_DESCRIPTION) values ('INT','Whole numbers');
Insert into REF_DATA_TYPE (DATA_TYPE_NAME,DATA_TYPE_DESCRIPTION) values ('FLOAT','Decimal numbers');
Insert into REF_DATA_TYPE (DATA_TYPE_NAME,DATA_TYPE_DESCRIPTION) values ('BOOL','Flags (0/1)');

-- REF_COMM_SOURCE
REM INSERTING into REF_COMM_SOURCE
Insert into REF_COMM_SOURCE (COMM_SOURCE_ID,COMM_SOURCE_NAME) values (1,'Post');
Insert into REF_COMM_SOURCE (COMM_SOURCE_ID,COMM_SOURCE_NAME) values (2,'Fax');
Insert into REF_COMM_SOURCE (COMM_SOURCE_ID,COMM_SOURCE_NAME) values (3,'Email');
Insert into REF_COMM_SOURCE (COMM_SOURCE_ID,COMM_SOURCE_NAME) values (4,'Bank');
Insert into REF_COMM_SOURCE (COMM_SOURCE_ID,COMM_SOURCE_NAME) values (5,'User');
Insert into REF_COMM_SOURCE (COMM_SOURCE_ID,COMM_SOURCE_NAME) values (6,'Incoming Call');
Insert into REF_COMM_SOURCE (COMM_SOURCE_ID,COMM_SOURCE_NAME) values (7,'Outgoing Call');

-- REF_COMM_TYPE
REM INSERTING into REF_COMM_TYPE
Insert into REF_COMM_TYPE (COMM_TYPE_ID,COMM_TYPE_NAME) values (1,'Document');
Insert into REF_COMM_TYPE (COMM_TYPE_ID,COMM_TYPE_NAME) values (2,'Phone Call');

-- REF_COMM_STATUS
REM INSERTING into REF_COMM_STATUS
Insert into REF_COMM_STATUS (COMM_STATUS_ID,STATUS_NAME) values (1,'Ready');

-- REF_TRANSACTION_TYPE
REM INSERTING into REF_TRANSACTION_TYPE
Insert into REF_TRANSACTION_TYPE (TRANSACTION_TYPE_ID,TRANSACTION_TYPE_NAME) values (1,'BUY');
Insert into REF_TRANSACTION_TYPE (TRANSACTION_TYPE_ID,TRANSACTION_TYPE_NAME) values (2,'SELL');
Insert into REF_TRANSACTION_TYPE (TRANSACTION_TYPE_ID,TRANSACTION_TYPE_NAME) values (3,'TRANSFER');

-- REF_INSTRUCTION_STATUS
REM INSERTING into REF_INSTRUCTION_STATUS
Insert into REF_INSTRUCTION_STATUS (INSTRUCTION_STATUS_ID,INSTRUCTION_STATUS_NAME,INSTRUCTION_STATUS_DESCRIPTION) values (1,'Ready for EOD processing',null);
Insert into REF_INSTRUCTION_STATUS (INSTRUCTION_STATUS_ID,INSTRUCTION_STATUS_NAME,INSTRUCTION_STATUS_DESCRIPTION) values (2,'In EOD proccessing',null);
Insert into REF_INSTRUCTION_STATUS (INSTRUCTION_STATUS_ID,INSTRUCTION_STATUS_NAME,INSTRUCTION_STATUS_DESCRIPTION) values (3,'Finished EOD processing',null);
Insert into REF_INSTRUCTION_STATUS (INSTRUCTION_STATUS_ID,INSTRUCTION_STATUS_NAME,INSTRUCTION_STATUS_DESCRIPTION) values (4,'Finished EOD calculation',null);


-- REF_INSTRUCTION_DATA
DELETE FROM REF_INSTRUCTION_DATA;

REM INSERTING into REF_INSTRUCTION_DATA
Insert into REF_INSTRUCTION_DATA (INSTRUCTION_DATA_ID,INSTRUCTION_DATA_NAME,INSTRUCTION_DATA_TYPE,INSTRUCTION_DATA_LABEL,INSTRUCTION_DATA_DESCRIPTION) values (1,'SOURCE_ACCOUNT_ID','INT','Account',null);
Insert into REF_INSTRUCTION_DATA (INSTRUCTION_DATA_ID,INSTRUCTION_DATA_NAME,INSTRUCTION_DATA_TYPE,INSTRUCTION_DATA_LABEL,INSTRUCTION_DATA_DESCRIPTION) values (2,'SOURCE_BANK_ACCOUNT_ID','INT','Bank Account',null);
Insert into REF_INSTRUCTION_DATA (INSTRUCTION_DATA_ID,INSTRUCTION_DATA_NAME,INSTRUCTION_DATA_TYPE,INSTRUCTION_DATA_LABEL,INSTRUCTION_DATA_DESCRIPTION) values (3,'CASH','FLOAT','Cash Amount',null);
Insert into REF_INSTRUCTION_DATA (INSTRUCTION_DATA_ID,INSTRUCTION_DATA_NAME,INSTRUCTION_DATA_TYPE,INSTRUCTION_DATA_LABEL,INSTRUCTION_DATA_DESCRIPTION) values (4,'UNITS','FLOAT','Unit Amount',null);
Insert into REF_INSTRUCTION_DATA (INSTRUCTION_DATA_ID,INSTRUCTION_DATA_NAME,INSTRUCTION_DATA_TYPE,INSTRUCTION_DATA_LABEL,INSTRUCTION_DATA_DESCRIPTION) values (5,'ORIGINAL_VALUE','FLOAT','Original Value',null);
Insert into REF_INSTRUCTION_DATA (INSTRUCTION_DATA_ID,INSTRUCTION_DATA_NAME,INSTRUCTION_DATA_TYPE,INSTRUCTION_DATA_LABEL,INSTRUCTION_DATA_DESCRIPTION) values (6,'DEST_ACCOUNT_ID','INT','Destination Account',null);
Insert into REF_INSTRUCTION_DATA (INSTRUCTION_DATA_ID,INSTRUCTION_DATA_NAME,INSTRUCTION_DATA_TYPE,INSTRUCTION_DATA_LABEL,INSTRUCTION_DATA_DESCRIPTION) values (7,'DEST_BANK_ACCOUNT_ID','INT','Destination Bank Account',null);
Insert into REF_INSTRUCTION_DATA (INSTRUCTION_DATA_ID,INSTRUCTION_DATA_NAME,INSTRUCTION_DATA_TYPE,INSTRUCTION_DATA_LABEL,INSTRUCTION_DATA_DESCRIPTION) values (8,'IFT','STRING','I.F.T.',null);
Insert into REF_INSTRUCTION_DATA (INSTRUCTION_DATA_ID,INSTRUCTION_DATA_NAME,INSTRUCTION_DATA_TYPE,INSTRUCTION_DATA_LABEL,INSTRUCTION_DATA_DESCRIPTION) values (9,'ORGANISATION_ID','INT','Organisation',null);
Insert into REF_INSTRUCTION_DATA (INSTRUCTION_DATA_ID,INSTRUCTION_DATA_NAME,INSTRUCTION_DATA_TYPE,INSTRUCTION_DATA_LABEL,INSTRUCTION_DATA_DESCRIPTION) values (10,'PERSON_ID','INT','Person',null);


-- Raw Data Loader table schema
CREATE TABLE INSTRUCTION_TYPE_DATA_LOADER (
  
  INSTRUCTION_TYPE_ID INTEGER,
  SCHPRIMARYKEY INTEGER,
  INSTRUCTION_TYPE_NAME VARCHAR2(50 CHAR),
  NOT_USED VARCHAR2 (1 CHAR),
  
  IS_FINANCIAL_TRANSACTION VARCHAR2(1 CHAR),
  TRANSACTION_TYPE_ID VARCHAR2(20 CHAR),
  
  IS_UNITIZED VARCHAR2 (10 CHAR),
  PAYMENT_METHOD VARCHAR2 (20 CHAR),
  INSTRUCTION_DESCRIPTION VARCHAR2 (200 CHAR),
  
  SUBMIT_TO_SPP VARCHAR2 (1 CHAR),
  REQUIRE_SIGNATURES VARCHAR2 (1 CHAR),
  IS_SUPPORTING VARCHAR2 (1 CHAR),
  REQUIRE_SOURCE_ACCOUNT_DATA VARCHAR2 (1 CHAR),
  
  REQUIRE_DEST_ACCOUNT_DATA VARCHAR2 (1 CHAR),
  
  SOURCE_ACCOUNT_ID VARCHAR2 (1 CHAR),
  DEST_ACCOUNT_ID VARCHAR2 (1 CHAR),
  ORGANISATION_ID VARCHAR2 (1 CHAR),
  CASH_AMOUNT VARCHAR2(1 CHAR),
  UNIT_AMOUNT VARCHAR2(1 CHAR),
  SOURCE_BANK_ACCOUNT_ID VARCHAR2 (1 CHAR),
  DEST_BANK_ACCOUNT_ID VARCHAR2 (1 CHAR),
  PERSON_ID VARCHAR2 (1 CHAR)
);

REM INSERTING into INSTRUCTION_TYPE_DATA_LOADER
Insert into INSTRUCTION_TYPE_DATA_LOADER (INSTRUCTION_TYPE_ID,SCHPRIMARYKEY,INSTRUCTION_TYPE_NAME,NOT_USED,IS_FINANCIAL_TRANSACTION,TRANSACTION_TYPE_ID,IS_UNITIZED,PAYMENT_METHOD,INSTRUCTION_DESCRIPTION,SUBMIT_TO_SPP,REQUIRE_SIGNATURES,IS_SUPPORTING,REQUIRE_SOURCE_ACCOUNT_DATA,REQUIRE_DEST_ACCOUNT_DATA,SOURCE_ACCOUNT_ID,DEST_ACCOUNT_ID,ORGANISATION_ID,CASH_AMOUNT,UNIT_AMOUNT,SOURCE_BANK_ACCOUNT_ID,DEST_BANK_ACCOUNT_ID,PERSON_ID) values (77,57,'ORSALEBACS','0','1','2','1','BACS','Sale of units paid out by BACS to a payee or bank account that is different to the mandate','1','1','0','1','0','Y',null,null,'Y','O','Y',null,null);
Insert into INSTRUCTION_TYPE_DATA_LOADER (INSTRUCTION_TYPE_ID,SCHPRIMARYKEY,INSTRUCTION_TYPE_NAME,NOT_USED,IS_FINANCIAL_TRANSACTION,TRANSACTION_TYPE_ID,IS_UNITIZED,PAYMENT_METHOD,INSTRUCTION_DESCRIPTION,SUBMIT_TO_SPP,REQUIRE_SIGNATURES,IS_SUPPORTING,REQUIRE_SOURCE_ACCOUNT_DATA,REQUIRE_DEST_ACCOUNT_DATA,SOURCE_ACCOUNT_ID,DEST_ACCOUNT_ID,ORGANISATION_ID,CASH_AMOUNT,UNIT_AMOUNT,SOURCE_BANK_ACCOUNT_ID,DEST_BANK_ACCOUNT_ID,PERSON_ID) values (78,58,'ORSALECHQ','0','1','2','1','Cheque','Sale of units paid out by Cheque to a payee or bank account that is different to the mandate','1','1','0','1','0','Y',null,null,'Y','O','Y',null,null);
Insert into INSTRUCTION_TYPE_DATA_LOADER (INSTRUCTION_TYPE_ID,SCHPRIMARYKEY,INSTRUCTION_TYPE_NAME,NOT_USED,IS_FINANCIAL_TRANSACTION,TRANSACTION_TYPE_ID,IS_UNITIZED,PAYMENT_METHOD,INSTRUCTION_DESCRIPTION,SUBMIT_TO_SPP,REQUIRE_SIGNATURES,IS_SUPPORTING,REQUIRE_SOURCE_ACCOUNT_DATA,REQUIRE_DEST_ACCOUNT_DATA,SOURCE_ACCOUNT_ID,DEST_ACCOUNT_ID,ORGANISATION_ID,CASH_AMOUNT,UNIT_AMOUNT,SOURCE_BANK_ACCOUNT_ID,DEST_BANK_ACCOUNT_ID,PERSON_ID) values (79,59,'ORWTHBACS','0','1','2','0','BACS','Withdrawal by BACS to a payee or bank account that is different to the mandate','1','1','0','1','0','Y',null,null,'Y','O','Y',null,null);
Insert into INSTRUCTION_TYPE_DATA_LOADER (INSTRUCTION_TYPE_ID,SCHPRIMARYKEY,INSTRUCTION_TYPE_NAME,NOT_USED,IS_FINANCIAL_TRANSACTION,TRANSACTION_TYPE_ID,IS_UNITIZED,PAYMENT_METHOD,INSTRUCTION_DESCRIPTION,SUBMIT_TO_SPP,REQUIRE_SIGNATURES,IS_SUPPORTING,REQUIRE_SOURCE_ACCOUNT_DATA,REQUIRE_DEST_ACCOUNT_DATA,SOURCE_ACCOUNT_ID,DEST_ACCOUNT_ID,ORGANISATION_ID,CASH_AMOUNT,UNIT_AMOUNT,SOURCE_BANK_ACCOUNT_ID,DEST_BANK_ACCOUNT_ID,PERSON_ID) values (80,60,'ORWTHCHPS','0','1','2','0','CHAPS','Sale of units paid out by CHAPS to a payee or bank account that is different to the mandate','1','1','0','1','0','Y',null,null,'Y','O','Y',null,null);
Insert into INSTRUCTION_TYPE_DATA_LOADER (INSTRUCTION_TYPE_ID,SCHPRIMARYKEY,INSTRUCTION_TYPE_NAME,NOT_USED,IS_FINANCIAL_TRANSACTION,TRANSACTION_TYPE_ID,IS_UNITIZED,PAYMENT_METHOD,INSTRUCTION_DESCRIPTION,SUBMIT_TO_SPP,REQUIRE_SIGNATURES,IS_SUPPORTING,REQUIRE_SOURCE_ACCOUNT_DATA,REQUIRE_DEST_ACCOUNT_DATA,SOURCE_ACCOUNT_ID,DEST_ACCOUNT_ID,ORGANISATION_ID,CASH_AMOUNT,UNIT_AMOUNT,SOURCE_BANK_ACCOUNT_ID,DEST_BANK_ACCOUNT_ID,PERSON_ID) values (81,61,'ORWTHCHQ','0','1','2','0','Cheque','Withdrawal by cheque to a payee or bank account that is different to the mandate','1','1','0','1','0','Y',null,null,'Y','O','Y',null,null);
Insert into INSTRUCTION_TYPE_DATA_LOADER (INSTRUCTION_TYPE_ID,SCHPRIMARYKEY,INSTRUCTION_TYPE_NAME,NOT_USED,IS_FINANCIAL_TRANSACTION,TRANSACTION_TYPE_ID,IS_UNITIZED,PAYMENT_METHOD,INSTRUCTION_DESCRIPTION,SUBMIT_TO_SPP,REQUIRE_SIGNATURES,IS_SUPPORTING,REQUIRE_SOURCE_ACCOUNT_DATA,REQUIRE_DEST_ACCOUNT_DATA,SOURCE_ACCOUNT_ID,DEST_ACCOUNT_ID,ORGANISATION_ID,CASH_AMOUNT,UNIT_AMOUNT,SOURCE_BANK_ACCOUNT_ID,DEST_BANK_ACCOUNT_ID,PERSON_ID) values (82,62,'OTHERS','0','0',null,'0',null,'Other correspondence that ','1','0','0','0','0',null,null,null,null,null,null,null,null);
Insert into INSTRUCTION_TYPE_DATA_LOADER (INSTRUCTION_TYPE_ID,SCHPRIMARYKEY,INSTRUCTION_TYPE_NAME,NOT_USED,IS_FINANCIAL_TRANSACTION,TRANSACTION_TYPE_ID,IS_UNITIZED,PAYMENT_METHOD,INSTRUCTION_DESCRIPTION,SUBMIT_TO_SPP,REQUIRE_SIGNATURES,IS_SUPPORTING,REQUIRE_SOURCE_ACCOUNT_DATA,REQUIRE_DEST_ACCOUNT_DATA,SOURCE_ACCOUNT_ID,DEST_ACCOUNT_ID,ORGANISATION_ID,CASH_AMOUNT,UNIT_AMOUNT,SOURCE_BANK_ACCOUNT_ID,DEST_BANK_ACCOUNT_ID,PERSON_ID) values (83,63,'PASSP','0','0',null,'0',null,'Original Passport','1','0','1','0','0',null,null,null,null,null,null,null,null);
Insert into INSTRUCTION_TYPE_DATA_LOADER (INSTRUCTION_TYPE_ID,SCHPRIMARYKEY,INSTRUCTION_TYPE_NAME,NOT_USED,IS_FINANCIAL_TRANSACTION,TRANSACTION_TYPE_ID,IS_UNITIZED,PAYMENT_METHOD,INSTRUCTION_DESCRIPTION,SUBMIT_TO_SPP,REQUIRE_SIGNATURES,IS_SUPPORTING,REQUIRE_SOURCE_ACCOUNT_DATA,REQUIRE_DEST_ACCOUNT_DATA,SOURCE_ACCOUNT_ID,DEST_ACCOUNT_ID,ORGANISATION_ID,CASH_AMOUNT,UNIT_AMOUNT,SOURCE_BANK_ACCOUNT_ID,DEST_BANK_ACCOUNT_ID,PERSON_ID) values (84,91,'PREADVICE','0','0',null,'0',null,'Pre-advice','1','0','0','1','0','Y',null,null,null,null,null,null,null);
Insert into INSTRUCTION_TYPE_DATA_LOADER (INSTRUCTION_TYPE_ID,SCHPRIMARYKEY,INSTRUCTION_TYPE_NAME,NOT_USED,IS_FINANCIAL_TRANSACTION,TRANSACTION_TYPE_ID,IS_UNITIZED,PAYMENT_METHOD,INSTRUCTION_DESCRIPTION,SUBMIT_TO_SPP,REQUIRE_SIGNATURES,IS_SUPPORTING,REQUIRE_SOURCE_ACCOUNT_DATA,REQUIRE_DEST_ACCOUNT_DATA,SOURCE_ACCOUNT_ID,DEST_ACCOUNT_ID,ORGANISATION_ID,CASH_AMOUNT,UNIT_AMOUNT,SOURCE_BANK_ACCOUNT_ID,DEST_BANK_ACCOUNT_ID,PERSON_ID) values (85,82,'PREFEMAIL','0','0',null,'0',null,null,'0','0','0','0','0',null,null,null,null,null,null,null,null);
Insert into INSTRUCTION_TYPE_DATA_LOADER (INSTRUCTION_TYPE_ID,SCHPRIMARYKEY,INSTRUCTION_TYPE_NAME,NOT_USED,IS_FINANCIAL_TRANSACTION,TRANSACTION_TYPE_ID,IS_UNITIZED,PAYMENT_METHOD,INSTRUCTION_DESCRIPTION,SUBMIT_TO_SPP,REQUIRE_SIGNATURES,IS_SUPPORTING,REQUIRE_SOURCE_ACCOUNT_DATA,REQUIRE_DEST_ACCOUNT_DATA,SOURCE_ACCOUNT_ID,DEST_ACCOUNT_ID,ORGANISATION_ID,CASH_AMOUNT,UNIT_AMOUNT,SOURCE_BANK_ACCOUNT_ID,DEST_BANK_ACCOUNT_ID,PERSON_ID) values (86,88,'PROPCORR','0','0',null,'0',null,'Property Correspondence','1','0','0','0','0',null,null,null,null,null,null,null,null);
Insert into INSTRUCTION_TYPE_DATA_LOADER (INSTRUCTION_TYPE_ID,SCHPRIMARYKEY,INSTRUCTION_TYPE_NAME,NOT_USED,IS_FINANCIAL_TRANSACTION,TRANSACTION_TYPE_ID,IS_UNITIZED,PAYMENT_METHOD,INSTRUCTION_DESCRIPTION,SUBMIT_TO_SPP,REQUIRE_SIGNATURES,IS_SUPPORTING,REQUIRE_SOURCE_ACCOUNT_DATA,REQUIRE_DEST_ACCOUNT_DATA,SOURCE_ACCOUNT_ID,DEST_ACCOUNT_ID,ORGANISATION_ID,CASH_AMOUNT,UNIT_AMOUNT,SOURCE_BANK_ACCOUNT_ID,DEST_BANK_ACCOUNT_ID,PERSON_ID) values (87,102,'PURORD','0','0',null,'0',null,null,'0','0','0','0','0',null,null,null,null,null,null,null,null);
Insert into INSTRUCTION_TYPE_DATA_LOADER (INSTRUCTION_TYPE_ID,SCHPRIMARYKEY,INSTRUCTION_TYPE_NAME,NOT_USED,IS_FINANCIAL_TRANSACTION,TRANSACTION_TYPE_ID,IS_UNITIZED,PAYMENT_METHOD,INSTRUCTION_DESCRIPTION,SUBMIT_TO_SPP,REQUIRE_SIGNATURES,IS_SUPPORTING,REQUIRE_SOURCE_ACCOUNT_DATA,REQUIRE_DEST_ACCOUNT_DATA,SOURCE_ACCOUNT_ID,DEST_ACCOUNT_ID,ORGANISATION_ID,CASH_AMOUNT,UNIT_AMOUNT,SOURCE_BANK_ACCOUNT_ID,DEST_BANK_ACCOUNT_ID,PERSON_ID) values (88,64,'REJINT','0','1','1','0',null,'Rejected Interest','1','0','0','1','0','Y',null,null,'Y','O',null,null,null);
Insert into INSTRUCTION_TYPE_DATA_LOADER (INSTRUCTION_TYPE_ID,SCHPRIMARYKEY,INSTRUCTION_TYPE_NAME,NOT_USED,IS_FINANCIAL_TRANSACTION,TRANSACTION_TYPE_ID,IS_UNITIZED,PAYMENT_METHOD,INSTRUCTION_DESCRIPTION,SUBMIT_TO_SPP,REQUIRE_SIGNATURES,IS_SUPPORTING,REQUIRE_SOURCE_ACCOUNT_DATA,REQUIRE_DEST_ACCOUNT_DATA,SOURCE_ACCOUNT_ID,DEST_ACCOUNT_ID,ORGANISATION_ID,CASH_AMOUNT,UNIT_AMOUNT,SOURCE_BANK_ACCOUNT_ID,DEST_BANK_ACCOUNT_ID,PERSON_ID) values (89,65,'REJWTH','0','1','1','0',null,'Rejected/returned BACS withdrawal payment','1','0','0','1','0','Y',null,null,'Y','O',null,null,null);
Insert into INSTRUCTION_TYPE_DATA_LOADER (INSTRUCTION_TYPE_ID,SCHPRIMARYKEY,INSTRUCTION_TYPE_NAME,NOT_USED,IS_FINANCIAL_TRANSACTION,TRANSACTION_TYPE_ID,IS_UNITIZED,PAYMENT_METHOD,INSTRUCTION_DESCRIPTION,SUBMIT_TO_SPP,REQUIRE_SIGNATURES,IS_SUPPORTING,REQUIRE_SOURCE_ACCOUNT_DATA,REQUIRE_DEST_ACCOUNT_DATA,SOURCE_ACCOUNT_ID,DEST_ACCOUNT_ID,ORGANISATION_ID,CASH_AMOUNT,UNIT_AMOUNT,SOURCE_BANK_ACCOUNT_ID,DEST_BANK_ACCOUNT_ID,PERSON_ID) values (1,106,'AMLCHASER','0','0',null,'0',null,null,'0','0','0','1','0','Y',null,null,null,null,null,null,null);
Insert into INSTRUCTION_TYPE_DATA_LOADER (INSTRUCTION_TYPE_ID,SCHPRIMARYKEY,INSTRUCTION_TYPE_NAME,NOT_USED,IS_FINANCIAL_TRANSACTION,TRANSACTION_TYPE_ID,IS_UNITIZED,PAYMENT_METHOD,INSTRUCTION_DESCRIPTION,SUBMIT_TO_SPP,REQUIRE_SIGNATURES,IS_SUPPORTING,REQUIRE_SOURCE_ACCOUNT_DATA,REQUIRE_DEST_ACCOUNT_DATA,SOURCE_ACCOUNT_ID,DEST_ACCOUNT_ID,ORGANISATION_ID,CASH_AMOUNT,UNIT_AMOUNT,SOURCE_BANK_ACCOUNT_ID,DEST_BANK_ACCOUNT_ID,PERSON_ID) values (2,1,'AMLLETTER','0','0',null,'0',null,'Letters sent out to clients requesting AML information','1','0','0','1','0','Y',null,null,null,null,null,null,null);
Insert into INSTRUCTION_TYPE_DATA_LOADER (INSTRUCTION_TYPE_ID,SCHPRIMARYKEY,INSTRUCTION_TYPE_NAME,NOT_USED,IS_FINANCIAL_TRANSACTION,TRANSACTION_TYPE_ID,IS_UNITIZED,PAYMENT_METHOD,INSTRUCTION_DESCRIPTION,SUBMIT_TO_SPP,REQUIRE_SIGNATURES,IS_SUPPORTING,REQUIRE_SOURCE_ACCOUNT_DATA,REQUIRE_DEST_ACCOUNT_DATA,SOURCE_ACCOUNT_ID,DEST_ACCOUNT_ID,ORGANISATION_ID,CASH_AMOUNT,UNIT_AMOUNT,SOURCE_BANK_ACCOUNT_ID,DEST_BANK_ACCOUNT_ID,PERSON_ID) values (3,2,'APP','0','0',null,'0',null,'Application','1','0','0','1','0','Y',null,null,null,null,null,null,null);
Insert into INSTRUCTION_TYPE_DATA_LOADER (INSTRUCTION_TYPE_ID,SCHPRIMARYKEY,INSTRUCTION_TYPE_NAME,NOT_USED,IS_FINANCIAL_TRANSACTION,TRANSACTION_TYPE_ID,IS_UNITIZED,PAYMENT_METHOD,INSTRUCTION_DESCRIPTION,SUBMIT_TO_SPP,REQUIRE_SIGNATURES,IS_SUPPORTING,REQUIRE_SOURCE_ACCOUNT_DATA,REQUIRE_DEST_ACCOUNT_DATA,SOURCE_ACCOUNT_ID,DEST_ACCOUNT_ID,ORGANISATION_ID,CASH_AMOUNT,UNIT_AMOUNT,SOURCE_BANK_ACCOUNT_ID,DEST_BANK_ACCOUNT_ID,PERSON_ID) values (4,113,'APPSHORT','0','0',null,'0',null,'Short Application','1','0','0','1','0','Y',null,null,null,null,null,null,null);
Insert into INSTRUCTION_TYPE_DATA_LOADER (INSTRUCTION_TYPE_ID,SCHPRIMARYKEY,INSTRUCTION_TYPE_NAME,NOT_USED,IS_FINANCIAL_TRANSACTION,TRANSACTION_TYPE_ID,IS_UNITIZED,PAYMENT_METHOD,INSTRUCTION_DESCRIPTION,SUBMIT_TO_SPP,REQUIRE_SIGNATURES,IS_SUPPORTING,REQUIRE_SOURCE_ACCOUNT_DATA,REQUIRE_DEST_ACCOUNT_DATA,SOURCE_ACCOUNT_ID,DEST_ACCOUNT_ID,ORGANISATION_ID,CASH_AMOUNT,UNIT_AMOUNT,SOURCE_BANK_ACCOUNT_ID,DEST_BANK_ACCOUNT_ID,PERSON_ID) values (5,3,'APPWTH','0','0',null,'0',null,'Application Form with n deposit instruction','1','0','0','1','0','Y',null,null,null,null,null,null,null);
Insert into INSTRUCTION_TYPE_DATA_LOADER (INSTRUCTION_TYPE_ID,SCHPRIMARYKEY,INSTRUCTION_TYPE_NAME,NOT_USED,IS_FINANCIAL_TRANSACTION,TRANSACTION_TYPE_ID,IS_UNITIZED,PAYMENT_METHOD,INSTRUCTION_DESCRIPTION,SUBMIT_TO_SPP,REQUIRE_SIGNATURES,IS_SUPPORTING,REQUIRE_SOURCE_ACCOUNT_DATA,REQUIRE_DEST_ACCOUNT_DATA,SOURCE_ACCOUNT_ID,DEST_ACCOUNT_ID,ORGANISATION_ID,CASH_AMOUNT,UNIT_AMOUNT,SOURCE_BANK_ACCOUNT_ID,DEST_BANK_ACCOUNT_ID,PERSON_ID) values (6,4,'AUDCERT','0','0',null,'0',null,'Audit Certificates','1','0','0','0','0',null,null,null,null,null,null,null,null);
Insert into INSTRUCTION_TYPE_DATA_LOADER (INSTRUCTION_TYPE_ID,SCHPRIMARYKEY,INSTRUCTION_TYPE_NAME,NOT_USED,IS_FINANCIAL_TRANSACTION,TRANSACTION_TYPE_ID,IS_UNITIZED,PAYMENT_METHOD,INSTRUCTION_DESCRIPTION,SUBMIT_TO_SPP,REQUIRE_SIGNATURES,IS_SUPPORTING,REQUIRE_SOURCE_ACCOUNT_DATA,REQUIRE_DEST_ACCOUNT_DATA,SOURCE_ACCOUNT_ID,DEST_ACCOUNT_ID,ORGANISATION_ID,CASH_AMOUNT,UNIT_AMOUNT,SOURCE_BANK_ACCOUNT_ID,DEST_BANK_ACCOUNT_ID,PERSON_ID) values (7,95,'AUTOAPP','0','0',null,'0',null,'Auto-generated application','1','0','0','1','0','Y',null,null,null,null,null,null,null);
Insert into INSTRUCTION_TYPE_DATA_LOADER (INSTRUCTION_TYPE_ID,SCHPRIMARYKEY,INSTRUCTION_TYPE_NAME,NOT_USED,IS_FINANCIAL_TRANSACTION,TRANSACTION_TYPE_ID,IS_UNITIZED,PAYMENT_METHOD,INSTRUCTION_DESCRIPTION,SUBMIT_TO_SPP,REQUIRE_SIGNATURES,IS_SUPPORTING,REQUIRE_SOURCE_ACCOUNT_DATA,REQUIRE_DEST_ACCOUNT_DATA,SOURCE_ACCOUNT_ID,DEST_ACCOUNT_ID,ORGANISATION_ID,CASH_AMOUNT,UNIT_AMOUNT,SOURCE_BANK_ACCOUNT_ID,DEST_BANK_ACCOUNT_ID,PERSON_ID) values (8,85,'AUTOMAND','0','0',null,'0',null,'Auto-generated mandate','0','0','0','1','0','Y',null,null,null,null,null,null,null);
Insert into INSTRUCTION_TYPE_DATA_LOADER (INSTRUCTION_TYPE_ID,SCHPRIMARYKEY,INSTRUCTION_TYPE_NAME,NOT_USED,IS_FINANCIAL_TRANSACTION,TRANSACTION_TYPE_ID,IS_UNITIZED,PAYMENT_METHOD,INSTRUCTION_DESCRIPTION,SUBMIT_TO_SPP,REQUIRE_SIGNATURES,IS_SUPPORTING,REQUIRE_SOURCE_ACCOUNT_DATA,REQUIRE_DEST_ACCOUNT_DATA,SOURCE_ACCOUNT_ID,DEST_ACCOUNT_ID,ORGANISATION_ID,CASH_AMOUNT,UNIT_AMOUNT,SOURCE_BANK_ACCOUNT_ID,DEST_BANK_ACCOUNT_ID,PERSON_ID) values (9,90,'BANKCERT','0','0',null,'0',null,'Bank Certificate','1','0','0','0','0',null,null,null,null,null,null,null,null);
Insert into INSTRUCTION_TYPE_DATA_LOADER (INSTRUCTION_TYPE_ID,SCHPRIMARYKEY,INSTRUCTION_TYPE_NAME,NOT_USED,IS_FINANCIAL_TRANSACTION,TRANSACTION_TYPE_ID,IS_UNITIZED,PAYMENT_METHOD,INSTRUCTION_DESCRIPTION,SUBMIT_TO_SPP,REQUIRE_SIGNATURES,IS_SUPPORTING,REQUIRE_SOURCE_ACCOUNT_DATA,REQUIRE_DEST_ACCOUNT_DATA,SOURCE_ACCOUNT_ID,DEST_ACCOUNT_ID,ORGANISATION_ID,CASH_AMOUNT,UNIT_AMOUNT,SOURCE_BANK_ACCOUNT_ID,DEST_BANK_ACCOUNT_ID,PERSON_ID) values (10,5,'BANKST','0','0',null,'0',null,'Client Bank Statements (AML checks)','1','0','1','0','0',null,null,null,null,null,null,null,null);
Insert into INSTRUCTION_TYPE_DATA_LOADER (INSTRUCTION_TYPE_ID,SCHPRIMARYKEY,INSTRUCTION_TYPE_NAME,NOT_USED,IS_FINANCIAL_TRANSACTION,TRANSACTION_TYPE_ID,IS_UNITIZED,PAYMENT_METHOD,INSTRUCTION_DESCRIPTION,SUBMIT_TO_SPP,REQUIRE_SIGNATURES,IS_SUPPORTING,REQUIRE_SOURCE_ACCOUNT_DATA,REQUIRE_DEST_ACCOUNT_DATA,SOURCE_ACCOUNT_ID,DEST_ACCOUNT_ID,ORGANISATION_ID,CASH_AMOUNT,UNIT_AMOUNT,SOURCE_BANK_ACCOUNT_ID,DEST_BANK_ACCOUNT_ID,PERSON_ID) values (11,6,'BNKSLP','0','0',null,'0',null,'Copy of bank paying in slip','1','0','1','0','0',null,null,null,null,null,null,null,null);
Insert into INSTRUCTION_TYPE_DATA_LOADER (INSTRUCTION_TYPE_ID,SCHPRIMARYKEY,INSTRUCTION_TYPE_NAME,NOT_USED,IS_FINANCIAL_TRANSACTION,TRANSACTION_TYPE_ID,IS_UNITIZED,PAYMENT_METHOD,INSTRUCTION_DESCRIPTION,SUBMIT_TO_SPP,REQUIRE_SIGNATURES,IS_SUPPORTING,REQUIRE_SOURCE_ACCOUNT_DATA,REQUIRE_DEST_ACCOUNT_DATA,SOURCE_ACCOUNT_ID,DEST_ACCOUNT_ID,ORGANISATION_ID,CASH_AMOUNT,UNIT_AMOUNT,SOURCE_BANK_ACCOUNT_ID,DEST_BANK_ACCOUNT_ID,PERSON_ID) values (12,7,'BREACH','0','0',null,'0',null,'Incidents that may have breached FSA rules, scheme documentation or an internal mandate or limit ','1','0','0','0','0',null,null,null,null,null,null,null,null);
Insert into INSTRUCTION_TYPE_DATA_LOADER (INSTRUCTION_TYPE_ID,SCHPRIMARYKEY,INSTRUCTION_TYPE_NAME,NOT_USED,IS_FINANCIAL_TRANSACTION,TRANSACTION_TYPE_ID,IS_UNITIZED,PAYMENT_METHOD,INSTRUCTION_DESCRIPTION,SUBMIT_TO_SPP,REQUIRE_SIGNATURES,IS_SUPPORTING,REQUIRE_SOURCE_ACCOUNT_DATA,REQUIRE_DEST_ACCOUNT_DATA,SOURCE_ACCOUNT_ID,DEST_ACCOUNT_ID,ORGANISATION_ID,CASH_AMOUNT,UNIT_AMOUNT,SOURCE_BANK_ACCOUNT_ID,DEST_BANK_ACCOUNT_ID,PERSON_ID) values (13,8,'BSOC','0','0',null,'0',null,'Building Society Passbooks (AML checks)','1','0','1','0','0',null,null,null,null,null,null,null,null);
Insert into INSTRUCTION_TYPE_DATA_LOADER (INSTRUCTION_TYPE_ID,SCHPRIMARYKEY,INSTRUCTION_TYPE_NAME,NOT_USED,IS_FINANCIAL_TRANSACTION,TRANSACTION_TYPE_ID,IS_UNITIZED,PAYMENT_METHOD,INSTRUCTION_DESCRIPTION,SUBMIT_TO_SPP,REQUIRE_SIGNATURES,IS_SUPPORTING,REQUIRE_SOURCE_ACCOUNT_DATA,REQUIRE_DEST_ACCOUNT_DATA,SOURCE_ACCOUNT_ID,DEST_ACCOUNT_ID,ORGANISATION_ID,CASH_AMOUNT,UNIT_AMOUNT,SOURCE_BANK_ACCOUNT_ID,DEST_BANK_ACCOUNT_ID,PERSON_ID) values (14,9,'BUYBNK','0','1','1','1','Any','Purchase of Units received by any method directly to our bank account','1','0','0','1','0','Y',null,null,'Y','O',null,null,null);
Insert into INSTRUCTION_TYPE_DATA_LOADER (INSTRUCTION_TYPE_ID,SCHPRIMARYKEY,INSTRUCTION_TYPE_NAME,NOT_USED,IS_FINANCIAL_TRANSACTION,TRANSACTION_TYPE_ID,IS_UNITIZED,PAYMENT_METHOD,INSTRUCTION_DESCRIPTION,SUBMIT_TO_SPP,REQUIRE_SIGNATURES,IS_SUPPORTING,REQUIRE_SOURCE_ACCOUNT_DATA,REQUIRE_DEST_ACCOUNT_DATA,SOURCE_ACCOUNT_ID,DEST_ACCOUNT_ID,ORGANISATION_ID,CASH_AMOUNT,UNIT_AMOUNT,SOURCE_BANK_ACCOUNT_ID,DEST_BANK_ACCOUNT_ID,PERSON_ID) values (15,10,'BUYCHQ','0','1','1','1','Cheque','Purchase of Units received by cheque, payable to the fund.','1','0','0','1','0','Y',null,null,'Y','O',null,null,null);
Insert into INSTRUCTION_TYPE_DATA_LOADER (INSTRUCTION_TYPE_ID,SCHPRIMARYKEY,INSTRUCTION_TYPE_NAME,NOT_USED,IS_FINANCIAL_TRANSACTION,TRANSACTION_TYPE_ID,IS_UNITIZED,PAYMENT_METHOD,INSTRUCTION_DESCRIPTION,SUBMIT_TO_SPP,REQUIRE_SIGNATURES,IS_SUPPORTING,REQUIRE_SOURCE_ACCOUNT_DATA,REQUIRE_DEST_ACCOUNT_DATA,SOURCE_ACCOUNT_ID,DEST_ACCOUNT_ID,ORGANISATION_ID,CASH_AMOUNT,UNIT_AMOUNT,SOURCE_BANK_ACCOUNT_ID,DEST_BANK_ACCOUNT_ID,PERSON_ID) values (16,11,'BUYCHQNONBANK','0','0',null,'1','Cheque','Purchase of units received by cheque not payable to the fund','1','0','0','1','0','Y',null,null,null,null,null,null,null);
Insert into INSTRUCTION_TYPE_DATA_LOADER (INSTRUCTION_TYPE_ID,SCHPRIMARYKEY,INSTRUCTION_TYPE_NAME,NOT_USED,IS_FINANCIAL_TRANSACTION,TRANSACTION_TYPE_ID,IS_UNITIZED,PAYMENT_METHOD,INSTRUCTION_DESCRIPTION,SUBMIT_TO_SPP,REQUIRE_SIGNATURES,IS_SUPPORTING,REQUIRE_SOURCE_ACCOUNT_DATA,REQUIRE_DEST_ACCOUNT_DATA,SOURCE_ACCOUNT_ID,DEST_ACCOUNT_ID,ORGANISATION_ID,CASH_AMOUNT,UNIT_AMOUNT,SOURCE_BANK_ACCOUNT_ID,DEST_BANK_ACCOUNT_ID,PERSON_ID) values (17,12,'BUYCHQTP','0','1','1','1','Cheque','Purchase of units received by cheque by someone other than the Client to the fund i.e. Thirdparty','1','0','0','1','0','Y',null,null,'Y','O',null,null,null);
Insert into INSTRUCTION_TYPE_DATA_LOADER (INSTRUCTION_TYPE_ID,SCHPRIMARYKEY,INSTRUCTION_TYPE_NAME,NOT_USED,IS_FINANCIAL_TRANSACTION,TRANSACTION_TYPE_ID,IS_UNITIZED,PAYMENT_METHOD,INSTRUCTION_DESCRIPTION,SUBMIT_TO_SPP,REQUIRE_SIGNATURES,IS_SUPPORTING,REQUIRE_SOURCE_ACCOUNT_DATA,REQUIRE_DEST_ACCOUNT_DATA,SOURCE_ACCOUNT_ID,DEST_ACCOUNT_ID,ORGANISATION_ID,CASH_AMOUNT,UNIT_AMOUNT,SOURCE_BANK_ACCOUNT_ID,DEST_BANK_ACCOUNT_ID,PERSON_ID) values (18,13,'BUYDF','0','1','3','1','???','Funds for an Investment Fund to be transferred from a Deposit Fund account','1','0','0','1','1','Y','Y',null,'O','Y',null,null,null);
Insert into INSTRUCTION_TYPE_DATA_LOADER (INSTRUCTION_TYPE_ID,SCHPRIMARYKEY,INSTRUCTION_TYPE_NAME,NOT_USED,IS_FINANCIAL_TRANSACTION,TRANSACTION_TYPE_ID,IS_UNITIZED,PAYMENT_METHOD,INSTRUCTION_DESCRIPTION,SUBMIT_TO_SPP,REQUIRE_SIGNATURES,IS_SUPPORTING,REQUIRE_SOURCE_ACCOUNT_DATA,REQUIRE_DEST_ACCOUNT_DATA,SOURCE_ACCOUNT_ID,DEST_ACCOUNT_ID,ORGANISATION_ID,CASH_AMOUNT,UNIT_AMOUNT,SOURCE_BANK_ACCOUNT_ID,DEST_BANK_ACCOUNT_ID,PERSON_ID) values (19,14,'BUYSHX','0','1','1','1','Crest','Units to be purchased in exchange for the value of other securities for securities registered with CCLA','1','0','0','1','0','Y',null,null,'Y','O',null,null,null);
Insert into INSTRUCTION_TYPE_DATA_LOADER (INSTRUCTION_TYPE_ID,SCHPRIMARYKEY,INSTRUCTION_TYPE_NAME,NOT_USED,IS_FINANCIAL_TRANSACTION,TRANSACTION_TYPE_ID,IS_UNITIZED,PAYMENT_METHOD,INSTRUCTION_DESCRIPTION,SUBMIT_TO_SPP,REQUIRE_SIGNATURES,IS_SUPPORTING,REQUIRE_SOURCE_ACCOUNT_DATA,REQUIRE_DEST_ACCOUNT_DATA,SOURCE_ACCOUNT_ID,DEST_ACCOUNT_ID,ORGANISATION_ID,CASH_AMOUNT,UNIT_AMOUNT,SOURCE_BANK_ACCOUNT_ID,DEST_BANK_ACCOUNT_ID,PERSON_ID) values (20,15,'BUYSHXSALE','0','1','1','1','Crest','Units to be purchased with the proceeds of the sale of other securities','1','0','0','1','0','Y',null,null,'Y','O',null,null,null);
Insert into INSTRUCTION_TYPE_DATA_LOADER (INSTRUCTION_TYPE_ID,SCHPRIMARYKEY,INSTRUCTION_TYPE_NAME,NOT_USED,IS_FINANCIAL_TRANSACTION,TRANSACTION_TYPE_ID,IS_UNITIZED,PAYMENT_METHOD,INSTRUCTION_DESCRIPTION,SUBMIT_TO_SPP,REQUIRE_SIGNATURES,IS_SUPPORTING,REQUIRE_SOURCE_ACCOUNT_DATA,REQUIRE_DEST_ACCOUNT_DATA,SOURCE_ACCOUNT_ID,DEST_ACCOUNT_ID,ORGANISATION_ID,CASH_AMOUNT,UNIT_AMOUNT,SOURCE_BANK_ACCOUNT_ID,DEST_BANK_ACCOUNT_ID,PERSON_ID) values (21,16,'BUYU','1','1','1','1','???','A specified number of units to be purchased from the sale proceeds from an account in any fund','1','0','0','1','0','Y',null,null,'Y','O',null,null,null);
Insert into INSTRUCTION_TYPE_DATA_LOADER (INSTRUCTION_TYPE_ID,SCHPRIMARYKEY,INSTRUCTION_TYPE_NAME,NOT_USED,IS_FINANCIAL_TRANSACTION,TRANSACTION_TYPE_ID,IS_UNITIZED,PAYMENT_METHOD,INSTRUCTION_DESCRIPTION,SUBMIT_TO_SPP,REQUIRE_SIGNATURES,IS_SUPPORTING,REQUIRE_SOURCE_ACCOUNT_DATA,REQUIRE_DEST_ACCOUNT_DATA,SOURCE_ACCOUNT_ID,DEST_ACCOUNT_ID,ORGANISATION_ID,CASH_AMOUNT,UNIT_AMOUNT,SOURCE_BANK_ACCOUNT_ID,DEST_BANK_ACCOUNT_ID,PERSON_ID) values (22,17,'CANBUYCHQ','0','1','2','1','Cheque','Cancellation/Return of a cheque, payable to the fund, to purchase units','1','0','0','1','0','Y',null,null,'Y','O',null,null,null);
Insert into INSTRUCTION_TYPE_DATA_LOADER (INSTRUCTION_TYPE_ID,SCHPRIMARYKEY,INSTRUCTION_TYPE_NAME,NOT_USED,IS_FINANCIAL_TRANSACTION,TRANSACTION_TYPE_ID,IS_UNITIZED,PAYMENT_METHOD,INSTRUCTION_DESCRIPTION,SUBMIT_TO_SPP,REQUIRE_SIGNATURES,IS_SUPPORTING,REQUIRE_SOURCE_ACCOUNT_DATA,REQUIRE_DEST_ACCOUNT_DATA,SOURCE_ACCOUNT_ID,DEST_ACCOUNT_ID,ORGANISATION_ID,CASH_AMOUNT,UNIT_AMOUNT,SOURCE_BANK_ACCOUNT_ID,DEST_BANK_ACCOUNT_ID,PERSON_ID) values (23,18,'CANDEPBNK','0','1','2','0','BACS','Deposit cancelled/returned to drawer by the Bank','1','0','0','1','0','Y',null,null,'Y','O',null,null,null);
Insert into INSTRUCTION_TYPE_DATA_LOADER (INSTRUCTION_TYPE_ID,SCHPRIMARYKEY,INSTRUCTION_TYPE_NAME,NOT_USED,IS_FINANCIAL_TRANSACTION,TRANSACTION_TYPE_ID,IS_UNITIZED,PAYMENT_METHOD,INSTRUCTION_DESCRIPTION,SUBMIT_TO_SPP,REQUIRE_SIGNATURES,IS_SUPPORTING,REQUIRE_SOURCE_ACCOUNT_DATA,REQUIRE_DEST_ACCOUNT_DATA,SOURCE_ACCOUNT_ID,DEST_ACCOUNT_ID,ORGANISATION_ID,CASH_AMOUNT,UNIT_AMOUNT,SOURCE_BANK_ACCOUNT_ID,DEST_BANK_ACCOUNT_ID,PERSON_ID) values (24,19,'CANDEPCHQ','0','1','2','0','Cheque','Cheque/cancelled/returned to drawer by the Bank','1','0','0','1','0','Y',null,null,'Y','O',null,null,null);
Insert into INSTRUCTION_TYPE_DATA_LOADER (INSTRUCTION_TYPE_ID,SCHPRIMARYKEY,INSTRUCTION_TYPE_NAME,NOT_USED,IS_FINANCIAL_TRANSACTION,TRANSACTION_TYPE_ID,IS_UNITIZED,PAYMENT_METHOD,INSTRUCTION_DESCRIPTION,SUBMIT_TO_SPP,REQUIRE_SIGNATURES,IS_SUPPORTING,REQUIRE_SOURCE_ACCOUNT_DATA,REQUIRE_DEST_ACCOUNT_DATA,SOURCE_ACCOUNT_ID,DEST_ACCOUNT_ID,ORGANISATION_ID,CASH_AMOUNT,UNIT_AMOUNT,SOURCE_BANK_ACCOUNT_ID,DEST_BANK_ACCOUNT_ID,PERSON_ID) values (25,20,'CANORWTHBACS','0','1','1','0','BACS','BACS Withdrawal cancelled/returned to drawer by the Bank','1','0','0','1','0','Y',null,null,'Y','O',null,null,null);
Insert into INSTRUCTION_TYPE_DATA_LOADER (INSTRUCTION_TYPE_ID,SCHPRIMARYKEY,INSTRUCTION_TYPE_NAME,NOT_USED,IS_FINANCIAL_TRANSACTION,TRANSACTION_TYPE_ID,IS_UNITIZED,PAYMENT_METHOD,INSTRUCTION_DESCRIPTION,SUBMIT_TO_SPP,REQUIRE_SIGNATURES,IS_SUPPORTING,REQUIRE_SOURCE_ACCOUNT_DATA,REQUIRE_DEST_ACCOUNT_DATA,SOURCE_ACCOUNT_ID,DEST_ACCOUNT_ID,ORGANISATION_ID,CASH_AMOUNT,UNIT_AMOUNT,SOURCE_BANK_ACCOUNT_ID,DEST_BANK_ACCOUNT_ID,PERSON_ID) values (26,21,'CANORWTHCHQ','0','1','1','0','Cheque','Cheque cancelled/returned to drawer by the Bank','1','0','0','1','0','Y',null,null,'Y','O',null,null,null);
Insert into INSTRUCTION_TYPE_DATA_LOADER (INSTRUCTION_TYPE_ID,SCHPRIMARYKEY,INSTRUCTION_TYPE_NAME,NOT_USED,IS_FINANCIAL_TRANSACTION,TRANSACTION_TYPE_ID,IS_UNITIZED,PAYMENT_METHOD,INSTRUCTION_DESCRIPTION,SUBMIT_TO_SPP,REQUIRE_SIGNATURES,IS_SUPPORTING,REQUIRE_SOURCE_ACCOUNT_DATA,REQUIRE_DEST_ACCOUNT_DATA,SOURCE_ACCOUNT_ID,DEST_ACCOUNT_ID,ORGANISATION_ID,CASH_AMOUNT,UNIT_AMOUNT,SOURCE_BANK_ACCOUNT_ID,DEST_BANK_ACCOUNT_ID,PERSON_ID) values (27,22,'CANWTHBACS','0','1','1','0','BACS','BACS Withdrawal cancelled/returned to drawer by the Bank','1','0','0','1','0','Y',null,null,'Y','O',null,null,null);
Insert into INSTRUCTION_TYPE_DATA_LOADER (INSTRUCTION_TYPE_ID,SCHPRIMARYKEY,INSTRUCTION_TYPE_NAME,NOT_USED,IS_FINANCIAL_TRANSACTION,TRANSACTION_TYPE_ID,IS_UNITIZED,PAYMENT_METHOD,INSTRUCTION_DESCRIPTION,SUBMIT_TO_SPP,REQUIRE_SIGNATURES,IS_SUPPORTING,REQUIRE_SOURCE_ACCOUNT_DATA,REQUIRE_DEST_ACCOUNT_DATA,SOURCE_ACCOUNT_ID,DEST_ACCOUNT_ID,ORGANISATION_ID,CASH_AMOUNT,UNIT_AMOUNT,SOURCE_BANK_ACCOUNT_ID,DEST_BANK_ACCOUNT_ID,PERSON_ID) values (28,23,'CANWTHCHPS','0','1','1','0','CHAPS','CHAPSWithdrawal cancelled/returned to drawer by the Bank','1','0','0','1','0','Y',null,null,'Y','O',null,null,null);
Insert into INSTRUCTION_TYPE_DATA_LOADER (INSTRUCTION_TYPE_ID,SCHPRIMARYKEY,INSTRUCTION_TYPE_NAME,NOT_USED,IS_FINANCIAL_TRANSACTION,TRANSACTION_TYPE_ID,IS_UNITIZED,PAYMENT_METHOD,INSTRUCTION_DESCRIPTION,SUBMIT_TO_SPP,REQUIRE_SIGNATURES,IS_SUPPORTING,REQUIRE_SOURCE_ACCOUNT_DATA,REQUIRE_DEST_ACCOUNT_DATA,SOURCE_ACCOUNT_ID,DEST_ACCOUNT_ID,ORGANISATION_ID,CASH_AMOUNT,UNIT_AMOUNT,SOURCE_BANK_ACCOUNT_ID,DEST_BANK_ACCOUNT_ID,PERSON_ID) values (29,24,'CANWTHCHQ','0','1','1','0','Cheque','Cheque cancelled/returned to drawer','1','0','0','1','0','Y',null,null,'Y','O',null,null,null);
Insert into INSTRUCTION_TYPE_DATA_LOADER (INSTRUCTION_TYPE_ID,SCHPRIMARYKEY,INSTRUCTION_TYPE_NAME,NOT_USED,IS_FINANCIAL_TRANSACTION,TRANSACTION_TYPE_ID,IS_UNITIZED,PAYMENT_METHOD,INSTRUCTION_DESCRIPTION,SUBMIT_TO_SPP,REQUIRE_SIGNATURES,IS_SUPPORTING,REQUIRE_SOURCE_ACCOUNT_DATA,REQUIRE_DEST_ACCOUNT_DATA,SOURCE_ACCOUNT_ID,DEST_ACCOUNT_ID,ORGANISATION_ID,CASH_AMOUNT,UNIT_AMOUNT,SOURCE_BANK_ACCOUNT_ID,DEST_BANK_ACCOUNT_ID,PERSON_ID) values (30,84,'CASMOVNONDAR','1','0',null,'0',null,null,'1','0','0','0','0',null,null,null,null,null,null,null,null);
Insert into INSTRUCTION_TYPE_DATA_LOADER (INSTRUCTION_TYPE_ID,SCHPRIMARYKEY,INSTRUCTION_TYPE_NAME,NOT_USED,IS_FINANCIAL_TRANSACTION,TRANSACTION_TYPE_ID,IS_UNITIZED,PAYMENT_METHOD,INSTRUCTION_DESCRIPTION,SUBMIT_TO_SPP,REQUIRE_SIGNATURES,IS_SUPPORTING,REQUIRE_SOURCE_ACCOUNT_DATA,REQUIRE_DEST_ACCOUNT_DATA,SOURCE_ACCOUNT_ID,DEST_ACCOUNT_ID,ORGANISATION_ID,CASH_AMOUNT,UNIT_AMOUNT,SOURCE_BANK_ACCOUNT_ID,DEST_BANK_ACCOUNT_ID,PERSON_ID) values (31,25,'CERTINC','0','0',null,'0',null,'Certificate of Incorporation','1','0','1','0','0',null,null,null,null,null,null,null,null);
Insert into INSTRUCTION_TYPE_DATA_LOADER (INSTRUCTION_TYPE_ID,SCHPRIMARYKEY,INSTRUCTION_TYPE_NAME,NOT_USED,IS_FINANCIAL_TRANSACTION,TRANSACTION_TYPE_ID,IS_UNITIZED,PAYMENT_METHOD,INSTRUCTION_DESCRIPTION,SUBMIT_TO_SPP,REQUIRE_SIGNATURES,IS_SUPPORTING,REQUIRE_SOURCE_ACCOUNT_DATA,REQUIRE_DEST_ACCOUNT_DATA,SOURCE_ACCOUNT_ID,DEST_ACCOUNT_ID,ORGANISATION_ID,CASH_AMOUNT,UNIT_AMOUNT,SOURCE_BANK_ACCOUNT_ID,DEST_BANK_ACCOUNT_ID,PERSON_ID) values (32,26,'CHECK','0','0',null,'0',null,'Checklist detailing document Requirement','1','0','1','0','0',null,null,null,null,null,null,null,null);
Insert into INSTRUCTION_TYPE_DATA_LOADER (INSTRUCTION_TYPE_ID,SCHPRIMARYKEY,INSTRUCTION_TYPE_NAME,NOT_USED,IS_FINANCIAL_TRANSACTION,TRANSACTION_TYPE_ID,IS_UNITIZED,PAYMENT_METHOD,INSTRUCTION_DESCRIPTION,SUBMIT_TO_SPP,REQUIRE_SIGNATURES,IS_SUPPORTING,REQUIRE_SOURCE_ACCOUNT_DATA,REQUIRE_DEST_ACCOUNT_DATA,SOURCE_ACCOUNT_ID,DEST_ACCOUNT_ID,ORGANISATION_ID,CASH_AMOUNT,UNIT_AMOUNT,SOURCE_BANK_ACCOUNT_ID,DEST_BANK_ACCOUNT_ID,PERSON_ID) values (33,107,'CHECKLIST','0','0',null,'0',null,null,'0','0','0','0','0',null,null,null,null,null,null,null,null);
Insert into INSTRUCTION_TYPE_DATA_LOADER (INSTRUCTION_TYPE_ID,SCHPRIMARYKEY,INSTRUCTION_TYPE_NAME,NOT_USED,IS_FINANCIAL_TRANSACTION,TRANSACTION_TYPE_ID,IS_UNITIZED,PAYMENT_METHOD,INSTRUCTION_DESCRIPTION,SUBMIT_TO_SPP,REQUIRE_SIGNATURES,IS_SUPPORTING,REQUIRE_SOURCE_ACCOUNT_DATA,REQUIRE_DEST_ACCOUNT_DATA,SOURCE_ACCOUNT_ID,DEST_ACCOUNT_ID,ORGANISATION_ID,CASH_AMOUNT,UNIT_AMOUNT,SOURCE_BANK_ACCOUNT_ID,DEST_BANK_ACCOUNT_ID,PERSON_ID) values (34,103,'CHQCL','1','0',null,'0',null,null,'0','0','0','0','0',null,null,null,null,null,null,null,null);
Insert into INSTRUCTION_TYPE_DATA_LOADER (INSTRUCTION_TYPE_ID,SCHPRIMARYKEY,INSTRUCTION_TYPE_NAME,NOT_USED,IS_FINANCIAL_TRANSACTION,TRANSACTION_TYPE_ID,IS_UNITIZED,PAYMENT_METHOD,INSTRUCTION_DESCRIPTION,SUBMIT_TO_SPP,REQUIRE_SIGNATURES,IS_SUPPORTING,REQUIRE_SOURCE_ACCOUNT_DATA,REQUIRE_DEST_ACCOUNT_DATA,SOURCE_ACCOUNT_ID,DEST_ACCOUNT_ID,ORGANISATION_ID,CASH_AMOUNT,UNIT_AMOUNT,SOURCE_BANK_ACCOUNT_ID,DEST_BANK_ACCOUNT_ID,PERSON_ID) values (35,81,'CLIENTCONF','1','0',null,'0',null,'Client Correspondence. Modify and verify the client correspondence letter that is returned by the client to CCLA','1','0','0','1','0','Y',null,null,null,null,null,null,null);
Insert into INSTRUCTION_TYPE_DATA_LOADER (INSTRUCTION_TYPE_ID,SCHPRIMARYKEY,INSTRUCTION_TYPE_NAME,NOT_USED,IS_FINANCIAL_TRANSACTION,TRANSACTION_TYPE_ID,IS_UNITIZED,PAYMENT_METHOD,INSTRUCTION_DESCRIPTION,SUBMIT_TO_SPP,REQUIRE_SIGNATURES,IS_SUPPORTING,REQUIRE_SOURCE_ACCOUNT_DATA,REQUIRE_DEST_ACCOUNT_DATA,SOURCE_ACCOUNT_ID,DEST_ACCOUNT_ID,ORGANISATION_ID,CASH_AMOUNT,UNIT_AMOUNT,SOURCE_BANK_ACCOUNT_ID,DEST_BANK_ACCOUNT_ID,PERSON_ID) values (36,114,'CLIENTQUERY','0','0',null,'0',null,'Client Query','1','0','0','1','0','Y',null,null,null,null,null,null,null);
Insert into INSTRUCTION_TYPE_DATA_LOADER (INSTRUCTION_TYPE_ID,SCHPRIMARYKEY,INSTRUCTION_TYPE_NAME,NOT_USED,IS_FINANCIAL_TRANSACTION,TRANSACTION_TYPE_ID,IS_UNITIZED,PAYMENT_METHOD,INSTRUCTION_DESCRIPTION,SUBMIT_TO_SPP,REQUIRE_SIGNATURES,IS_SUPPORTING,REQUIRE_SOURCE_ACCOUNT_DATA,REQUIRE_DEST_ACCOUNT_DATA,SOURCE_ACCOUNT_ID,DEST_ACCOUNT_ID,ORGANISATION_ID,CASH_AMOUNT,UNIT_AMOUNT,SOURCE_BANK_ACCOUNT_ID,DEST_BANK_ACCOUNT_ID,PERSON_ID) values (37,27,'CLOSEACS','0','0',null,'0',null,'Deposit Funds Closed Accounts','1','0','0','1','0','Y',null,null,null,null,null,null,null);
Insert into INSTRUCTION_TYPE_DATA_LOADER (INSTRUCTION_TYPE_ID,SCHPRIMARYKEY,INSTRUCTION_TYPE_NAME,NOT_USED,IS_FINANCIAL_TRANSACTION,TRANSACTION_TYPE_ID,IS_UNITIZED,PAYMENT_METHOD,INSTRUCTION_DESCRIPTION,SUBMIT_TO_SPP,REQUIRE_SIGNATURES,IS_SUPPORTING,REQUIRE_SOURCE_ACCOUNT_DATA,REQUIRE_DEST_ACCOUNT_DATA,SOURCE_ACCOUNT_ID,DEST_ACCOUNT_ID,ORGANISATION_ID,CASH_AMOUNT,UNIT_AMOUNT,SOURCE_BANK_ACCOUNT_ID,DEST_BANK_ACCOUNT_ID,PERSON_ID) values (38,101,'COMPAYABLE','0','1','1','0',null,null,'0','0','0','1','0','Y',null,null,'Y','O',null,null,null);
Insert into INSTRUCTION_TYPE_DATA_LOADER (INSTRUCTION_TYPE_ID,SCHPRIMARYKEY,INSTRUCTION_TYPE_NAME,NOT_USED,IS_FINANCIAL_TRANSACTION,TRANSACTION_TYPE_ID,IS_UNITIZED,PAYMENT_METHOD,INSTRUCTION_DESCRIPTION,SUBMIT_TO_SPP,REQUIRE_SIGNATURES,IS_SUPPORTING,REQUIRE_SOURCE_ACCOUNT_DATA,REQUIRE_DEST_ACCOUNT_DATA,SOURCE_ACCOUNT_ID,DEST_ACCOUNT_ID,ORGANISATION_ID,CASH_AMOUNT,UNIT_AMOUNT,SOURCE_BANK_ACCOUNT_ID,DEST_BANK_ACCOUNT_ID,PERSON_ID) values (39,28,'COMPL','0','0',null,'0',null,'Complaint Letters','1','0','0','1','0','Y',null,null,null,null,null,null,null);
Insert into INSTRUCTION_TYPE_DATA_LOADER (INSTRUCTION_TYPE_ID,SCHPRIMARYKEY,INSTRUCTION_TYPE_NAME,NOT_USED,IS_FINANCIAL_TRANSACTION,TRANSACTION_TYPE_ID,IS_UNITIZED,PAYMENT_METHOD,INSTRUCTION_DESCRIPTION,SUBMIT_TO_SPP,REQUIRE_SIGNATURES,IS_SUPPORTING,REQUIRE_SOURCE_ACCOUNT_DATA,REQUIRE_DEST_ACCOUNT_DATA,SOURCE_ACCOUNT_ID,DEST_ACCOUNT_ID,ORGANISATION_ID,CASH_AMOUNT,UNIT_AMOUNT,SOURCE_BANK_ACCOUNT_ID,DEST_BANK_ACCOUNT_ID,PERSON_ID) values (40,89,'CONCORR','0','0',null,'0',null,'Control Correspondence','1','0','0','0','0',null,null,null,null,null,null,null,null);
Insert into INSTRUCTION_TYPE_DATA_LOADER (INSTRUCTION_TYPE_ID,SCHPRIMARYKEY,INSTRUCTION_TYPE_NAME,NOT_USED,IS_FINANCIAL_TRANSACTION,TRANSACTION_TYPE_ID,IS_UNITIZED,PAYMENT_METHOD,INSTRUCTION_DESCRIPTION,SUBMIT_TO_SPP,REQUIRE_SIGNATURES,IS_SUPPORTING,REQUIRE_SOURCE_ACCOUNT_DATA,REQUIRE_DEST_ACCOUNT_DATA,SOURCE_ACCOUNT_ID,DEST_ACCOUNT_ID,ORGANISATION_ID,CASH_AMOUNT,UNIT_AMOUNT,SOURCE_BANK_ACCOUNT_ID,DEST_BANK_ACCOUNT_ID,PERSON_ID) values (41,29,'CONDINS','0','0',null,'0',null,'N/A','1','0','0','0','0','O',null,'Y',null,null,null,null,'O');
Insert into INSTRUCTION_TYPE_DATA_LOADER (INSTRUCTION_TYPE_ID,SCHPRIMARYKEY,INSTRUCTION_TYPE_NAME,NOT_USED,IS_FINANCIAL_TRANSACTION,TRANSACTION_TYPE_ID,IS_UNITIZED,PAYMENT_METHOD,INSTRUCTION_DESCRIPTION,SUBMIT_TO_SPP,REQUIRE_SIGNATURES,IS_SUPPORTING,REQUIRE_SOURCE_ACCOUNT_DATA,REQUIRE_DEST_ACCOUNT_DATA,SOURCE_ACCOUNT_ID,DEST_ACCOUNT_ID,ORGANISATION_ID,CASH_AMOUNT,UNIT_AMOUNT,SOURCE_BANK_ACCOUNT_ID,DEST_BANK_ACCOUNT_ID,PERSON_ID) values (42,98,'CONTRACTS','0','0',null,'0',null,null,'0','0','0','0','0',null,null,null,null,null,null,null,null);
Insert into INSTRUCTION_TYPE_DATA_LOADER (INSTRUCTION_TYPE_ID,SCHPRIMARYKEY,INSTRUCTION_TYPE_NAME,NOT_USED,IS_FINANCIAL_TRANSACTION,TRANSACTION_TYPE_ID,IS_UNITIZED,PAYMENT_METHOD,INSTRUCTION_DESCRIPTION,SUBMIT_TO_SPP,REQUIRE_SIGNATURES,IS_SUPPORTING,REQUIRE_SOURCE_ACCOUNT_DATA,REQUIRE_DEST_ACCOUNT_DATA,SOURCE_ACCOUNT_ID,DEST_ACCOUNT_ID,ORGANISATION_ID,CASH_AMOUNT,UNIT_AMOUNT,SOURCE_BANK_ACCOUNT_ID,DEST_BANK_ACCOUNT_ID,PERSON_ID) values (43,30,'CORRECTINGADJ','0','1',null,'0','Any',' Correcting Adjustment','1','0','0','1','0','Y',null,null,null,null,null,null,null);
Insert into INSTRUCTION_TYPE_DATA_LOADER (INSTRUCTION_TYPE_ID,SCHPRIMARYKEY,INSTRUCTION_TYPE_NAME,NOT_USED,IS_FINANCIAL_TRANSACTION,TRANSACTION_TYPE_ID,IS_UNITIZED,PAYMENT_METHOD,INSTRUCTION_DESCRIPTION,SUBMIT_TO_SPP,REQUIRE_SIGNATURES,IS_SUPPORTING,REQUIRE_SOURCE_ACCOUNT_DATA,REQUIRE_DEST_ACCOUNT_DATA,SOURCE_ACCOUNT_ID,DEST_ACCOUNT_ID,ORGANISATION_ID,CASH_AMOUNT,UNIT_AMOUNT,SOURCE_BANK_ACCOUNT_ID,DEST_BANK_ACCOUNT_ID,PERSON_ID) values (44,86,'CRMCORR','0','0',null,'0',null,'Customer Relationship Correspondence','1','0','0','0','0',null,null,null,null,null,null,null,null);
Insert into INSTRUCTION_TYPE_DATA_LOADER (INSTRUCTION_TYPE_ID,SCHPRIMARYKEY,INSTRUCTION_TYPE_NAME,NOT_USED,IS_FINANCIAL_TRANSACTION,TRANSACTION_TYPE_ID,IS_UNITIZED,PAYMENT_METHOD,INSTRUCTION_DESCRIPTION,SUBMIT_TO_SPP,REQUIRE_SIGNATURES,IS_SUPPORTING,REQUIRE_SOURCE_ACCOUNT_DATA,REQUIRE_DEST_ACCOUNT_DATA,SOURCE_ACCOUNT_ID,DEST_ACCOUNT_ID,ORGANISATION_ID,CASH_AMOUNT,UNIT_AMOUNT,SOURCE_BANK_ACCOUNT_ID,DEST_BANK_ACCOUNT_ID,PERSON_ID) values (45,31,'CSHMOVNONDAR','0','0',null,'0',null,'Non Deal and Registration Cash Movement','1','0','0','0','0',null,null,null,null,null,null,null,null);
Insert into INSTRUCTION_TYPE_DATA_LOADER (INSTRUCTION_TYPE_ID,SCHPRIMARYKEY,INSTRUCTION_TYPE_NAME,NOT_USED,IS_FINANCIAL_TRANSACTION,TRANSACTION_TYPE_ID,IS_UNITIZED,PAYMENT_METHOD,INSTRUCTION_DESCRIPTION,SUBMIT_TO_SPP,REQUIRE_SIGNATURES,IS_SUPPORTING,REQUIRE_SOURCE_ACCOUNT_DATA,REQUIRE_DEST_ACCOUNT_DATA,SOURCE_ACCOUNT_ID,DEST_ACCOUNT_ID,ORGANISATION_ID,CASH_AMOUNT,UNIT_AMOUNT,SOURCE_BANK_ACCOUNT_ID,DEST_BANK_ACCOUNT_ID,PERSON_ID) values (46,32,'CSLETTERS','0','0',null,'0',null,'Client Services Letter','1','0','0','0','0',null,null,null,null,null,null,null,null);
Insert into INSTRUCTION_TYPE_DATA_LOADER (INSTRUCTION_TYPE_ID,SCHPRIMARYKEY,INSTRUCTION_TYPE_NAME,NOT_USED,IS_FINANCIAL_TRANSACTION,TRANSACTION_TYPE_ID,IS_UNITIZED,PAYMENT_METHOD,INSTRUCTION_DESCRIPTION,SUBMIT_TO_SPP,REQUIRE_SIGNATURES,IS_SUPPORTING,REQUIRE_SOURCE_ACCOUNT_DATA,REQUIRE_DEST_ACCOUNT_DATA,SOURCE_ACCOUNT_ID,DEST_ACCOUNT_ID,ORGANISATION_ID,CASH_AMOUNT,UNIT_AMOUNT,SOURCE_BANK_ACCOUNT_ID,DEST_BANK_ACCOUNT_ID,PERSON_ID) values (47,33,'DBFTXN','1','0',null,'0',null,'Diocesan Board of Finance Transaction','1','0','0','1','0','Y',null,null,null,null,null,null,null);
Insert into INSTRUCTION_TYPE_DATA_LOADER (INSTRUCTION_TYPE_ID,SCHPRIMARYKEY,INSTRUCTION_TYPE_NAME,NOT_USED,IS_FINANCIAL_TRANSACTION,TRANSACTION_TYPE_ID,IS_UNITIZED,PAYMENT_METHOD,INSTRUCTION_DESCRIPTION,SUBMIT_TO_SPP,REQUIRE_SIGNATURES,IS_SUPPORTING,REQUIRE_SOURCE_ACCOUNT_DATA,REQUIRE_DEST_ACCOUNT_DATA,SOURCE_ACCOUNT_ID,DEST_ACCOUNT_ID,ORGANISATION_ID,CASH_AMOUNT,UNIT_AMOUNT,SOURCE_BANK_ACCOUNT_ID,DEST_BANK_ACCOUNT_ID,PERSON_ID) values (48,34,'DCERT','0','0',null,'0',null,'Death Certificate','1','0','1','0','0',null,null,null,null,null,null,null,null);
Insert into INSTRUCTION_TYPE_DATA_LOADER (INSTRUCTION_TYPE_ID,SCHPRIMARYKEY,INSTRUCTION_TYPE_NAME,NOT_USED,IS_FINANCIAL_TRANSACTION,TRANSACTION_TYPE_ID,IS_UNITIZED,PAYMENT_METHOD,INSTRUCTION_DESCRIPTION,SUBMIT_TO_SPP,REQUIRE_SIGNATURES,IS_SUPPORTING,REQUIRE_SOURCE_ACCOUNT_DATA,REQUIRE_DEST_ACCOUNT_DATA,SOURCE_ACCOUNT_ID,DEST_ACCOUNT_ID,ORGANISATION_ID,CASH_AMOUNT,UNIT_AMOUNT,SOURCE_BANK_ACCOUNT_ID,DEST_BANK_ACCOUNT_ID,PERSON_ID) values (49,35,'DEPBNK','0','1','1',null,'BACS','Deposit by BACS','1','0','0','1','0','Y',null,null,'Y','O',null,null,null);
Insert into INSTRUCTION_TYPE_DATA_LOADER (INSTRUCTION_TYPE_ID,SCHPRIMARYKEY,INSTRUCTION_TYPE_NAME,NOT_USED,IS_FINANCIAL_TRANSACTION,TRANSACTION_TYPE_ID,IS_UNITIZED,PAYMENT_METHOD,INSTRUCTION_DESCRIPTION,SUBMIT_TO_SPP,REQUIRE_SIGNATURES,IS_SUPPORTING,REQUIRE_SOURCE_ACCOUNT_DATA,REQUIRE_DEST_ACCOUNT_DATA,SOURCE_ACCOUNT_ID,DEST_ACCOUNT_ID,ORGANISATION_ID,CASH_AMOUNT,UNIT_AMOUNT,SOURCE_BANK_ACCOUNT_ID,DEST_BANK_ACCOUNT_ID,PERSON_ID) values (50,36,'DEPCHQ','0','1','1',null,'Cheque','A cheque made out by the client payable to the fund','1','0','0','1','0','Y',null,null,'Y','O',null,null,null);
Insert into INSTRUCTION_TYPE_DATA_LOADER (INSTRUCTION_TYPE_ID,SCHPRIMARYKEY,INSTRUCTION_TYPE_NAME,NOT_USED,IS_FINANCIAL_TRANSACTION,TRANSACTION_TYPE_ID,IS_UNITIZED,PAYMENT_METHOD,INSTRUCTION_DESCRIPTION,SUBMIT_TO_SPP,REQUIRE_SIGNATURES,IS_SUPPORTING,REQUIRE_SOURCE_ACCOUNT_DATA,REQUIRE_DEST_ACCOUNT_DATA,SOURCE_ACCOUNT_ID,DEST_ACCOUNT_ID,ORGANISATION_ID,CASH_AMOUNT,UNIT_AMOUNT,SOURCE_BANK_ACCOUNT_ID,DEST_BANK_ACCOUNT_ID,PERSON_ID) values (51,37,'DEPCHQNONBANK','0','0',null,null,'Cheque','A cheque received not payable to the fund.','1','0','0','1','0','Y',null,null,null,null,null,null,null);
Insert into INSTRUCTION_TYPE_DATA_LOADER (INSTRUCTION_TYPE_ID,SCHPRIMARYKEY,INSTRUCTION_TYPE_NAME,NOT_USED,IS_FINANCIAL_TRANSACTION,TRANSACTION_TYPE_ID,IS_UNITIZED,PAYMENT_METHOD,INSTRUCTION_DESCRIPTION,SUBMIT_TO_SPP,REQUIRE_SIGNATURES,IS_SUPPORTING,REQUIRE_SOURCE_ACCOUNT_DATA,REQUIRE_DEST_ACCOUNT_DATA,SOURCE_ACCOUNT_ID,DEST_ACCOUNT_ID,ORGANISATION_ID,CASH_AMOUNT,UNIT_AMOUNT,SOURCE_BANK_ACCOUNT_ID,DEST_BANK_ACCOUNT_ID,PERSON_ID) values (52,38,'DEPCHQTP','0','1','1',null,'Cheque','A cheque made out by someone other than the Client , payable to the fund i.e. Thirdparty','1','0','0','1','0','Y',null,null,'Y','O',null,null,null);
Insert into INSTRUCTION_TYPE_DATA_LOADER (INSTRUCTION_TYPE_ID,SCHPRIMARYKEY,INSTRUCTION_TYPE_NAME,NOT_USED,IS_FINANCIAL_TRANSACTION,TRANSACTION_TYPE_ID,IS_UNITIZED,PAYMENT_METHOD,INSTRUCTION_DESCRIPTION,SUBMIT_TO_SPP,REQUIRE_SIGNATURES,IS_SUPPORTING,REQUIRE_SOURCE_ACCOUNT_DATA,REQUIRE_DEST_ACCOUNT_DATA,SOURCE_ACCOUNT_ID,DEST_ACCOUNT_ID,ORGANISATION_ID,CASH_AMOUNT,UNIT_AMOUNT,SOURCE_BANK_ACCOUNT_ID,DEST_BANK_ACCOUNT_ID,PERSON_ID) values (53,39,'DIODEP','1','1','1',null,'Any','Diocesan Multiple Deposit Forms','1','0','0','0','0',null,null,null,'Y','O',null,null,null);
Insert into INSTRUCTION_TYPE_DATA_LOADER (INSTRUCTION_TYPE_ID,SCHPRIMARYKEY,INSTRUCTION_TYPE_NAME,NOT_USED,IS_FINANCIAL_TRANSACTION,TRANSACTION_TYPE_ID,IS_UNITIZED,PAYMENT_METHOD,INSTRUCTION_DESCRIPTION,SUBMIT_TO_SPP,REQUIRE_SIGNATURES,IS_SUPPORTING,REQUIRE_SOURCE_ACCOUNT_DATA,REQUIRE_DEST_ACCOUNT_DATA,SOURCE_ACCOUNT_ID,DEST_ACCOUNT_ID,ORGANISATION_ID,CASH_AMOUNT,UNIT_AMOUNT,SOURCE_BANK_ACCOUNT_ID,DEST_BANK_ACCOUNT_ID,PERSON_ID) values (54,40,'DIOLOANS','1','1','1',null,'Any','Dio Loans','1','0','0','0','0',null,null,null,'Y','O',null,null,null);
Insert into INSTRUCTION_TYPE_DATA_LOADER (INSTRUCTION_TYPE_ID,SCHPRIMARYKEY,INSTRUCTION_TYPE_NAME,NOT_USED,IS_FINANCIAL_TRANSACTION,TRANSACTION_TYPE_ID,IS_UNITIZED,PAYMENT_METHOD,INSTRUCTION_DESCRIPTION,SUBMIT_TO_SPP,REQUIRE_SIGNATURES,IS_SUPPORTING,REQUIRE_SOURCE_ACCOUNT_DATA,REQUIRE_DEST_ACCOUNT_DATA,SOURCE_ACCOUNT_ID,DEST_ACCOUNT_ID,ORGANISATION_ID,CASH_AMOUNT,UNIT_AMOUNT,SOURCE_BANK_ACCOUNT_ID,DEST_BANK_ACCOUNT_ID,PERSON_ID) values (55,41,'DIOWITH','1','1','2',null,'Any','Diocesan Multiple Withdrawal forms','1','0','0','0','0',null,null,null,'Y','O',null,null,null);
Insert into INSTRUCTION_TYPE_DATA_LOADER (INSTRUCTION_TYPE_ID,SCHPRIMARYKEY,INSTRUCTION_TYPE_NAME,NOT_USED,IS_FINANCIAL_TRANSACTION,TRANSACTION_TYPE_ID,IS_UNITIZED,PAYMENT_METHOD,INSTRUCTION_DESCRIPTION,SUBMIT_TO_SPP,REQUIRE_SIGNATURES,IS_SUPPORTING,REQUIRE_SOURCE_ACCOUNT_DATA,REQUIRE_DEST_ACCOUNT_DATA,SOURCE_ACCOUNT_ID,DEST_ACCOUNT_ID,ORGANISATION_ID,CASH_AMOUNT,UNIT_AMOUNT,SOURCE_BANK_ACCOUNT_ID,DEST_BANK_ACCOUNT_ID,PERSON_ID) values (56,97,'DIRECTORY','0','0',null,'0',null,null,'0','0','0','0','0',null,null,null,null,null,null,null,null);
Insert into INSTRUCTION_TYPE_DATA_LOADER (INSTRUCTION_TYPE_ID,SCHPRIMARYKEY,INSTRUCTION_TYPE_NAME,NOT_USED,IS_FINANCIAL_TRANSACTION,TRANSACTION_TYPE_ID,IS_UNITIZED,PAYMENT_METHOD,INSTRUCTION_DESCRIPTION,SUBMIT_TO_SPP,REQUIRE_SIGNATURES,IS_SUPPORTING,REQUIRE_SOURCE_ACCOUNT_DATA,REQUIRE_DEST_ACCOUNT_DATA,SOURCE_ACCOUNT_ID,DEST_ACCOUNT_ID,ORGANISATION_ID,CASH_AMOUNT,UNIT_AMOUNT,SOURCE_BANK_ACCOUNT_ID,DEST_BANK_ACCOUNT_ID,PERSON_ID) values (57,83,'EMAILINDEMNITY','0','0',null,'0',null,null,'0','0','0','0','0',null,null,null,null,null,null,null,null);
Insert into INSTRUCTION_TYPE_DATA_LOADER (INSTRUCTION_TYPE_ID,SCHPRIMARYKEY,INSTRUCTION_TYPE_NAME,NOT_USED,IS_FINANCIAL_TRANSACTION,TRANSACTION_TYPE_ID,IS_UNITIZED,PAYMENT_METHOD,INSTRUCTION_DESCRIPTION,SUBMIT_TO_SPP,REQUIRE_SIGNATURES,IS_SUPPORTING,REQUIRE_SOURCE_ACCOUNT_DATA,REQUIRE_DEST_ACCOUNT_DATA,SOURCE_ACCOUNT_ID,DEST_ACCOUNT_ID,ORGANISATION_ID,CASH_AMOUNT,UNIT_AMOUNT,SOURCE_BANK_ACCOUNT_ID,DEST_BANK_ACCOUNT_ID,PERSON_ID) values (58,42,'ENT','0','0',null,'0',null,'Proof required for entity checking e.g. HMRC Letters','1','0','1','0','0',null,null,null,null,null,null,null,null);
Insert into INSTRUCTION_TYPE_DATA_LOADER (INSTRUCTION_TYPE_ID,SCHPRIMARYKEY,INSTRUCTION_TYPE_NAME,NOT_USED,IS_FINANCIAL_TRANSACTION,TRANSACTION_TYPE_ID,IS_UNITIZED,PAYMENT_METHOD,INSTRUCTION_DESCRIPTION,SUBMIT_TO_SPP,REQUIRE_SIGNATURES,IS_SUPPORTING,REQUIRE_SOURCE_ACCOUNT_DATA,REQUIRE_DEST_ACCOUNT_DATA,SOURCE_ACCOUNT_ID,DEST_ACCOUNT_ID,ORGANISATION_ID,CASH_AMOUNT,UNIT_AMOUNT,SOURCE_BANK_ACCOUNT_ID,DEST_BANK_ACCOUNT_ID,PERSON_ID) values (59,43,'ERROR','0','0',null,'0',null,'Incidents that have failed preventative and detective controls which are not identified within an appropriate timeframe','1','0','0','0','0',null,null,null,null,null,null,null,null);
Insert into INSTRUCTION_TYPE_DATA_LOADER (INSTRUCTION_TYPE_ID,SCHPRIMARYKEY,INSTRUCTION_TYPE_NAME,NOT_USED,IS_FINANCIAL_TRANSACTION,TRANSACTION_TYPE_ID,IS_UNITIZED,PAYMENT_METHOD,INSTRUCTION_DESCRIPTION,SUBMIT_TO_SPP,REQUIRE_SIGNATURES,IS_SUPPORTING,REQUIRE_SOURCE_ACCOUNT_DATA,REQUIRE_DEST_ACCOUNT_DATA,SOURCE_ACCOUNT_ID,DEST_ACCOUNT_ID,ORGANISATION_ID,CASH_AMOUNT,UNIT_AMOUNT,SOURCE_BANK_ACCOUNT_ID,DEST_BANK_ACCOUNT_ID,PERSON_ID) values (60,100,'FUNDSPLIT','0','1','3','1','Internal','Document class for a fund split','0','1','0','1','0','Y','Y',null,'O','Y',null,null,null);
Insert into INSTRUCTION_TYPE_DATA_LOADER (INSTRUCTION_TYPE_ID,SCHPRIMARYKEY,INSTRUCTION_TYPE_NAME,NOT_USED,IS_FINANCIAL_TRANSACTION,TRANSACTION_TYPE_ID,IS_UNITIZED,PAYMENT_METHOD,INSTRUCTION_DESCRIPTION,SUBMIT_TO_SPP,REQUIRE_SIGNATURES,IS_SUPPORTING,REQUIRE_SOURCE_ACCOUNT_DATA,REQUIRE_DEST_ACCOUNT_DATA,SOURCE_ACCOUNT_ID,DEST_ACCOUNT_ID,ORGANISATION_ID,CASH_AMOUNT,UNIT_AMOUNT,SOURCE_BANK_ACCOUNT_ID,DEST_BANK_ACCOUNT_ID,PERSON_ID) values (61,45,'GEN','0','0',null,'0',null,'General Letters','1','0','0','0','0',null,null,null,null,null,null,null,null);
Insert into INSTRUCTION_TYPE_DATA_LOADER (INSTRUCTION_TYPE_ID,SCHPRIMARYKEY,INSTRUCTION_TYPE_NAME,NOT_USED,IS_FINANCIAL_TRANSACTION,TRANSACTION_TYPE_ID,IS_UNITIZED,PAYMENT_METHOD,INSTRUCTION_DESCRIPTION,SUBMIT_TO_SPP,REQUIRE_SIGNATURES,IS_SUPPORTING,REQUIRE_SOURCE_ACCOUNT_DATA,REQUIRE_DEST_ACCOUNT_DATA,SOURCE_ACCOUNT_ID,DEST_ACCOUNT_ID,ORGANISATION_ID,CASH_AMOUNT,UNIT_AMOUNT,SOURCE_BANK_ACCOUNT_ID,DEST_BANK_ACCOUNT_ID,PERSON_ID) values (62,92,'INTCHQ','1','0',null,'0',null,'Interest on a cheque','1','0','0','1','0','Y',null,null,null,null,null,null,null);
Insert into INSTRUCTION_TYPE_DATA_LOADER (INSTRUCTION_TYPE_ID,SCHPRIMARYKEY,INSTRUCTION_TYPE_NAME,NOT_USED,IS_FINANCIAL_TRANSACTION,TRANSACTION_TYPE_ID,IS_UNITIZED,PAYMENT_METHOD,INSTRUCTION_DESCRIPTION,SUBMIT_TO_SPP,REQUIRE_SIGNATURES,IS_SUPPORTING,REQUIRE_SOURCE_ACCOUNT_DATA,REQUIRE_DEST_ACCOUNT_DATA,SOURCE_ACCOUNT_ID,DEST_ACCOUNT_ID,ORGANISATION_ID,CASH_AMOUNT,UNIT_AMOUNT,SOURCE_BANK_ACCOUNT_ID,DEST_BANK_ACCOUNT_ID,PERSON_ID) values (63,46,'INTERTRANS','0','1','3','1','Internal','Transfer of units between accounts in the same Investment Fund','1','0','0','1','1','Y','Y',null,'O','Y',null,null,null);
Insert into INSTRUCTION_TYPE_DATA_LOADER (INSTRUCTION_TYPE_ID,SCHPRIMARYKEY,INSTRUCTION_TYPE_NAME,NOT_USED,IS_FINANCIAL_TRANSACTION,TRANSACTION_TYPE_ID,IS_UNITIZED,PAYMENT_METHOD,INSTRUCTION_DESCRIPTION,SUBMIT_TO_SPP,REQUIRE_SIGNATURES,IS_SUPPORTING,REQUIRE_SOURCE_ACCOUNT_DATA,REQUIRE_DEST_ACCOUNT_DATA,SOURCE_ACCOUNT_ID,DEST_ACCOUNT_ID,ORGANISATION_ID,CASH_AMOUNT,UNIT_AMOUNT,SOURCE_BANK_ACCOUNT_ID,DEST_BANK_ACCOUNT_ID,PERSON_ID) values (64,47,'INV','0','0',null,'0',null,'Invoice','1','0','0','0','0',null,null,null,null,null,null,null,null);
Insert into INSTRUCTION_TYPE_DATA_LOADER (INSTRUCTION_TYPE_ID,SCHPRIMARYKEY,INSTRUCTION_TYPE_NAME,NOT_USED,IS_FINANCIAL_TRANSACTION,TRANSACTION_TYPE_ID,IS_UNITIZED,PAYMENT_METHOD,INSTRUCTION_DESCRIPTION,SUBMIT_TO_SPP,REQUIRE_SIGNATURES,IS_SUPPORTING,REQUIRE_SOURCE_ACCOUNT_DATA,REQUIRE_DEST_ACCOUNT_DATA,SOURCE_ACCOUNT_ID,DEST_ACCOUNT_ID,ORGANISATION_ID,CASH_AMOUNT,UNIT_AMOUNT,SOURCE_BANK_ACCOUNT_ID,DEST_BANK_ACCOUNT_ID,PERSON_ID) values (65,48,'IVS','0','0',null,'0',null,'Copy of passport/Driving Licence/Utility Bills','1','0','1','0','0',null,null,null,null,null,null,null,null);
Insert into INSTRUCTION_TYPE_DATA_LOADER (INSTRUCTION_TYPE_ID,SCHPRIMARYKEY,INSTRUCTION_TYPE_NAME,NOT_USED,IS_FINANCIAL_TRANSACTION,TRANSACTION_TYPE_ID,IS_UNITIZED,PAYMENT_METHOD,INSTRUCTION_DESCRIPTION,SUBMIT_TO_SPP,REQUIRE_SIGNATURES,IS_SUPPORTING,REQUIRE_SOURCE_ACCOUNT_DATA,REQUIRE_DEST_ACCOUNT_DATA,SOURCE_ACCOUNT_ID,DEST_ACCOUNT_ID,ORGANISATION_ID,CASH_AMOUNT,UNIT_AMOUNT,SOURCE_BANK_ACCOUNT_ID,DEST_BANK_ACCOUNT_ID,PERSON_ID) values (66,49,'LAMAPP','0','0',null,'0',null,'LAMIT Application Form','1','0','0','1','0','Y',null,null,null,null,null,null,null);
Insert into INSTRUCTION_TYPE_DATA_LOADER (INSTRUCTION_TYPE_ID,SCHPRIMARYKEY,INSTRUCTION_TYPE_NAME,NOT_USED,IS_FINANCIAL_TRANSACTION,TRANSACTION_TYPE_ID,IS_UNITIZED,PAYMENT_METHOD,INSTRUCTION_DESCRIPTION,SUBMIT_TO_SPP,REQUIRE_SIGNATURES,IS_SUPPORTING,REQUIRE_SOURCE_ACCOUNT_DATA,REQUIRE_DEST_ACCOUNT_DATA,SOURCE_ACCOUNT_ID,DEST_ACCOUNT_ID,ORGANISATION_ID,CASH_AMOUNT,UNIT_AMOUNT,SOURCE_BANK_ACCOUNT_ID,DEST_BANK_ACCOUNT_ID,PERSON_ID) values (67,50,'LAMLETT','0','0',null,'0',null,'Lamit Letter','1','0','0','1','0','Y',null,null,null,null,null,null,null);
Insert into INSTRUCTION_TYPE_DATA_LOADER (INSTRUCTION_TYPE_ID,SCHPRIMARYKEY,INSTRUCTION_TYPE_NAME,NOT_USED,IS_FINANCIAL_TRANSACTION,TRANSACTION_TYPE_ID,IS_UNITIZED,PAYMENT_METHOD,INSTRUCTION_DESCRIPTION,SUBMIT_TO_SPP,REQUIRE_SIGNATURES,IS_SUPPORTING,REQUIRE_SOURCE_ACCOUNT_DATA,REQUIRE_DEST_ACCOUNT_DATA,SOURCE_ACCOUNT_ID,DEST_ACCOUNT_ID,ORGANISATION_ID,CASH_AMOUNT,UNIT_AMOUNT,SOURCE_BANK_ACCOUNT_ID,DEST_BANK_ACCOUNT_ID,PERSON_ID) values (68,111,'LLPMAND','0','0',null,'0',null,'LLP mandate','1','0','0','0','0',null,null,null,null,null,null,null,null);
Insert into INSTRUCTION_TYPE_DATA_LOADER (INSTRUCTION_TYPE_ID,SCHPRIMARYKEY,INSTRUCTION_TYPE_NAME,NOT_USED,IS_FINANCIAL_TRANSACTION,TRANSACTION_TYPE_ID,IS_UNITIZED,PAYMENT_METHOD,INSTRUCTION_DESCRIPTION,SUBMIT_TO_SPP,REQUIRE_SIGNATURES,IS_SUPPORTING,REQUIRE_SOURCE_ACCOUNT_DATA,REQUIRE_DEST_ACCOUNT_DATA,SOURCE_ACCOUNT_ID,DEST_ACCOUNT_ID,ORGANISATION_ID,CASH_AMOUNT,UNIT_AMOUNT,SOURCE_BANK_ACCOUNT_ID,DEST_BANK_ACCOUNT_ID,PERSON_ID) values (69,51,'LOOKUP','0','0',null,'0',null,'Lookup Documents','0','0','1','0','0',null,null,null,null,null,null,null,null);
Insert into INSTRUCTION_TYPE_DATA_LOADER (INSTRUCTION_TYPE_ID,SCHPRIMARYKEY,INSTRUCTION_TYPE_NAME,NOT_USED,IS_FINANCIAL_TRANSACTION,TRANSACTION_TYPE_ID,IS_UNITIZED,PAYMENT_METHOD,INSTRUCTION_DESCRIPTION,SUBMIT_TO_SPP,REQUIRE_SIGNATURES,IS_SUPPORTING,REQUIRE_SOURCE_ACCOUNT_DATA,REQUIRE_DEST_ACCOUNT_DATA,SOURCE_ACCOUNT_ID,DEST_ACCOUNT_ID,ORGANISATION_ID,CASH_AMOUNT,UNIT_AMOUNT,SOURCE_BANK_ACCOUNT_ID,DEST_BANK_ACCOUNT_ID,PERSON_ID) values (70,52,'LTR2','0','0',null,'0',null,'A List of Trustees','1','0','1','0','0',null,null,null,null,null,null,null,null);
Insert into INSTRUCTION_TYPE_DATA_LOADER (INSTRUCTION_TYPE_ID,SCHPRIMARYKEY,INSTRUCTION_TYPE_NAME,NOT_USED,IS_FINANCIAL_TRANSACTION,TRANSACTION_TYPE_ID,IS_UNITIZED,PAYMENT_METHOD,INSTRUCTION_DESCRIPTION,SUBMIT_TO_SPP,REQUIRE_SIGNATURES,IS_SUPPORTING,REQUIRE_SOURCE_ACCOUNT_DATA,REQUIRE_DEST_ACCOUNT_DATA,SOURCE_ACCOUNT_ID,DEST_ACCOUNT_ID,ORGANISATION_ID,CASH_AMOUNT,UNIT_AMOUNT,SOURCE_BANK_ACCOUNT_ID,DEST_BANK_ACCOUNT_ID,PERSON_ID) values (71,53,'MAND','0','0',null,'0',null,'Mandate','0','0','0','1','0','Y',null,null,null,null,null,null,null);
Insert into INSTRUCTION_TYPE_DATA_LOADER (INSTRUCTION_TYPE_ID,SCHPRIMARYKEY,INSTRUCTION_TYPE_NAME,NOT_USED,IS_FINANCIAL_TRANSACTION,TRANSACTION_TYPE_ID,IS_UNITIZED,PAYMENT_METHOD,INSTRUCTION_DESCRIPTION,SUBMIT_TO_SPP,REQUIRE_SIGNATURES,IS_SUPPORTING,REQUIRE_SOURCE_ACCOUNT_DATA,REQUIRE_DEST_ACCOUNT_DATA,SOURCE_ACCOUNT_ID,DEST_ACCOUNT_ID,ORGANISATION_ID,CASH_AMOUNT,UNIT_AMOUNT,SOURCE_BANK_ACCOUNT_ID,DEST_BANK_ACCOUNT_ID,PERSON_ID) values (72,112,'MANDSHORT','0','0',null,'0',null,'Short mandate','1','0','0','1','0','Y',null,null,null,null,null,null,null);
Insert into INSTRUCTION_TYPE_DATA_LOADER (INSTRUCTION_TYPE_ID,SCHPRIMARYKEY,INSTRUCTION_TYPE_NAME,NOT_USED,IS_FINANCIAL_TRANSACTION,TRANSACTION_TYPE_ID,IS_UNITIZED,PAYMENT_METHOD,INSTRUCTION_DESCRIPTION,SUBMIT_TO_SPP,REQUIRE_SIGNATURES,IS_SUPPORTING,REQUIRE_SOURCE_ACCOUNT_DATA,REQUIRE_DEST_ACCOUNT_DATA,SOURCE_ACCOUNT_ID,DEST_ACCOUNT_ID,ORGANISATION_ID,CASH_AMOUNT,UNIT_AMOUNT,SOURCE_BANK_ACCOUNT_ID,DEST_BANK_ACCOUNT_ID,PERSON_ID) values (73,54,'MCERT','0','0',null,'0',null,'Marriage Certificate','1','0','1','0','0',null,null,null,null,null,null,null,null);
Insert into INSTRUCTION_TYPE_DATA_LOADER (INSTRUCTION_TYPE_ID,SCHPRIMARYKEY,INSTRUCTION_TYPE_NAME,NOT_USED,IS_FINANCIAL_TRANSACTION,TRANSACTION_TYPE_ID,IS_UNITIZED,PAYMENT_METHOD,INSTRUCTION_DESCRIPTION,SUBMIT_TO_SPP,REQUIRE_SIGNATURES,IS_SUPPORTING,REQUIRE_SOURCE_ACCOUNT_DATA,REQUIRE_DEST_ACCOUNT_DATA,SOURCE_ACCOUNT_ID,DEST_ACCOUNT_ID,ORGANISATION_ID,CASH_AMOUNT,UNIT_AMOUNT,SOURCE_BANK_ACCOUNT_ID,DEST_BANK_ACCOUNT_ID,PERSON_ID) values (74,55,'MINS','0','0',null,'0',null,'Meeting Minutes which includes a List','1','0','1','0','0',null,null,null,null,null,null,null,null);
Insert into INSTRUCTION_TYPE_DATA_LOADER (INSTRUCTION_TYPE_ID,SCHPRIMARYKEY,INSTRUCTION_TYPE_NAME,NOT_USED,IS_FINANCIAL_TRANSACTION,TRANSACTION_TYPE_ID,IS_UNITIZED,PAYMENT_METHOD,INSTRUCTION_DESCRIPTION,SUBMIT_TO_SPP,REQUIRE_SIGNATURES,IS_SUPPORTING,REQUIRE_SOURCE_ACCOUNT_DATA,REQUIRE_DEST_ACCOUNT_DATA,SOURCE_ACCOUNT_ID,DEST_ACCOUNT_ID,ORGANISATION_ID,CASH_AMOUNT,UNIT_AMOUNT,SOURCE_BANK_ACCOUNT_ID,DEST_BANK_ACCOUNT_ID,PERSON_ID) values (75,87,'MKTCORR','0','0',null,'0',null,'Marketing Correspondence','1','0','0','0','0',null,null,null,null,null,null,null,null);
Insert into INSTRUCTION_TYPE_DATA_LOADER (INSTRUCTION_TYPE_ID,SCHPRIMARYKEY,INSTRUCTION_TYPE_NAME,NOT_USED,IS_FINANCIAL_TRANSACTION,TRANSACTION_TYPE_ID,IS_UNITIZED,PAYMENT_METHOD,INSTRUCTION_DESCRIPTION,SUBMIT_TO_SPP,REQUIRE_SIGNATURES,IS_SUPPORTING,REQUIRE_SOURCE_ACCOUNT_DATA,REQUIRE_DEST_ACCOUNT_DATA,SOURCE_ACCOUNT_ID,DEST_ACCOUNT_ID,ORGANISATION_ID,CASH_AMOUNT,UNIT_AMOUNT,SOURCE_BANK_ACCOUNT_ID,DEST_BANK_ACCOUNT_ID,PERSON_ID) values (76,56,'MMCONFIRM','0','0',null,'0',null,'Money Market Confirmation','1','0','0','0','0',null,null,null,null,null,null,null,null);
Insert into INSTRUCTION_TYPE_DATA_LOADER (INSTRUCTION_TYPE_ID,SCHPRIMARYKEY,INSTRUCTION_TYPE_NAME,NOT_USED,IS_FINANCIAL_TRANSACTION,TRANSACTION_TYPE_ID,IS_UNITIZED,PAYMENT_METHOD,INSTRUCTION_DESCRIPTION,SUBMIT_TO_SPP,REQUIRE_SIGNATURES,IS_SUPPORTING,REQUIRE_SOURCE_ACCOUNT_DATA,REQUIRE_DEST_ACCOUNT_DATA,SOURCE_ACCOUNT_ID,DEST_ACCOUNT_ID,ORGANISATION_ID,CASH_AMOUNT,UNIT_AMOUNT,SOURCE_BANK_ACCOUNT_ID,DEST_BANK_ACCOUNT_ID,PERSON_ID) values (90,66,'REPACC','0','0',null,'0',null,'Annual Reports and Accounts','1','0','1','0','0',null,null,null,null,null,null,null,null);
Insert into INSTRUCTION_TYPE_DATA_LOADER (INSTRUCTION_TYPE_ID,SCHPRIMARYKEY,INSTRUCTION_TYPE_NAME,NOT_USED,IS_FINANCIAL_TRANSACTION,TRANSACTION_TYPE_ID,IS_UNITIZED,PAYMENT_METHOD,INSTRUCTION_DESCRIPTION,SUBMIT_TO_SPP,REQUIRE_SIGNATURES,IS_SUPPORTING,REQUIRE_SOURCE_ACCOUNT_DATA,REQUIRE_DEST_ACCOUNT_DATA,SOURCE_ACCOUNT_ID,DEST_ACCOUNT_ID,ORGANISATION_ID,CASH_AMOUNT,UNIT_AMOUNT,SOURCE_BANK_ACCOUNT_ID,DEST_BANK_ACCOUNT_ID,PERSON_ID) values (91,67,'RETCHQ','0','0',null,'0',null,'Returned Cheque','1','0','0','1','0','Y',null,null,null,null,null,null,null);
Insert into INSTRUCTION_TYPE_DATA_LOADER (INSTRUCTION_TYPE_ID,SCHPRIMARYKEY,INSTRUCTION_TYPE_NAME,NOT_USED,IS_FINANCIAL_TRANSACTION,TRANSACTION_TYPE_ID,IS_UNITIZED,PAYMENT_METHOD,INSTRUCTION_DESCRIPTION,SUBMIT_TO_SPP,REQUIRE_SIGNATURES,IS_SUPPORTING,REQUIRE_SOURCE_ACCOUNT_DATA,REQUIRE_DEST_ACCOUNT_DATA,SOURCE_ACCOUNT_ID,DEST_ACCOUNT_ID,ORGANISATION_ID,CASH_AMOUNT,UNIT_AMOUNT,SOURCE_BANK_ACCOUNT_ID,DEST_BANK_ACCOUNT_ID,PERSON_ID) values (92,68,'RETMAIL','0','0',null,'0',null,'Returned Mail','1','0','0','1','0','Y',null,null,null,null,null,null,null);
Insert into INSTRUCTION_TYPE_DATA_LOADER (INSTRUCTION_TYPE_ID,SCHPRIMARYKEY,INSTRUCTION_TYPE_NAME,NOT_USED,IS_FINANCIAL_TRANSACTION,TRANSACTION_TYPE_ID,IS_UNITIZED,PAYMENT_METHOD,INSTRUCTION_DESCRIPTION,SUBMIT_TO_SPP,REQUIRE_SIGNATURES,IS_SUPPORTING,REQUIRE_SOURCE_ACCOUNT_DATA,REQUIRE_DEST_ACCOUNT_DATA,SOURCE_ACCOUNT_ID,DEST_ACCOUNT_ID,ORGANISATION_ID,CASH_AMOUNT,UNIT_AMOUNT,SOURCE_BANK_ACCOUNT_ID,DEST_BANK_ACCOUNT_ID,PERSON_ID) values (93,69,'RETURNEDDIV','0','0',null,'0',null,'Returned Dividend Cheque','1','0','0','1','0','Y',null,null,null,null,null,null,null);
Insert into INSTRUCTION_TYPE_DATA_LOADER (INSTRUCTION_TYPE_ID,SCHPRIMARYKEY,INSTRUCTION_TYPE_NAME,NOT_USED,IS_FINANCIAL_TRANSACTION,TRANSACTION_TYPE_ID,IS_UNITIZED,PAYMENT_METHOD,INSTRUCTION_DESCRIPTION,SUBMIT_TO_SPP,REQUIRE_SIGNATURES,IS_SUPPORTING,REQUIRE_SOURCE_ACCOUNT_DATA,REQUIRE_DEST_ACCOUNT_DATA,SOURCE_ACCOUNT_ID,DEST_ACCOUNT_ID,ORGANISATION_ID,CASH_AMOUNT,UNIT_AMOUNT,SOURCE_BANK_ACCOUNT_ID,DEST_BANK_ACCOUNT_ID,PERSON_ID) values (94,104,'RNA','0','0',null,'0',null,null,'0','0','0','0','0',null,null,null,null,null,null,null,null);
Insert into INSTRUCTION_TYPE_DATA_LOADER (INSTRUCTION_TYPE_ID,SCHPRIMARYKEY,INSTRUCTION_TYPE_NAME,NOT_USED,IS_FINANCIAL_TRANSACTION,TRANSACTION_TYPE_ID,IS_UNITIZED,PAYMENT_METHOD,INSTRUCTION_DESCRIPTION,SUBMIT_TO_SPP,REQUIRE_SIGNATURES,IS_SUPPORTING,REQUIRE_SOURCE_ACCOUNT_DATA,REQUIRE_DEST_ACCOUNT_DATA,SOURCE_ACCOUNT_ID,DEST_ACCOUNT_ID,ORGANISATION_ID,CASH_AMOUNT,UNIT_AMOUNT,SOURCE_BANK_ACCOUNT_ID,DEST_BANK_ACCOUNT_ID,PERSON_ID) values (95,70,'SALEBACS','0','1','2','1','BACS','Sale of units paid out by BACS','1','1','0','1','0','Y',null,null,'Y','O',null,null,null);
Insert into INSTRUCTION_TYPE_DATA_LOADER (INSTRUCTION_TYPE_ID,SCHPRIMARYKEY,INSTRUCTION_TYPE_NAME,NOT_USED,IS_FINANCIAL_TRANSACTION,TRANSACTION_TYPE_ID,IS_UNITIZED,PAYMENT_METHOD,INSTRUCTION_DESCRIPTION,SUBMIT_TO_SPP,REQUIRE_SIGNATURES,IS_SUPPORTING,REQUIRE_SOURCE_ACCOUNT_DATA,REQUIRE_DEST_ACCOUNT_DATA,SOURCE_ACCOUNT_ID,DEST_ACCOUNT_ID,ORGANISATION_ID,CASH_AMOUNT,UNIT_AMOUNT,SOURCE_BANK_ACCOUNT_ID,DEST_BANK_ACCOUNT_ID,PERSON_ID) values (96,71,'SALECHPS','0','1','2','1','CHAPS','Sale of units paid out by CHAPS','1','1','0','1','0','Y',null,null,'Y','O',null,null,null);
Insert into INSTRUCTION_TYPE_DATA_LOADER (INSTRUCTION_TYPE_ID,SCHPRIMARYKEY,INSTRUCTION_TYPE_NAME,NOT_USED,IS_FINANCIAL_TRANSACTION,TRANSACTION_TYPE_ID,IS_UNITIZED,PAYMENT_METHOD,INSTRUCTION_DESCRIPTION,SUBMIT_TO_SPP,REQUIRE_SIGNATURES,IS_SUPPORTING,REQUIRE_SOURCE_ACCOUNT_DATA,REQUIRE_DEST_ACCOUNT_DATA,SOURCE_ACCOUNT_ID,DEST_ACCOUNT_ID,ORGANISATION_ID,CASH_AMOUNT,UNIT_AMOUNT,SOURCE_BANK_ACCOUNT_ID,DEST_BANK_ACCOUNT_ID,PERSON_ID) values (97,72,'SALECHQ','0','1','2','1','Cheque','Sale of units paid out by Cheque','1','1','0','1','0','Y',null,null,'Y','O',null,null,null);
Insert into INSTRUCTION_TYPE_DATA_LOADER (INSTRUCTION_TYPE_ID,SCHPRIMARYKEY,INSTRUCTION_TYPE_NAME,NOT_USED,IS_FINANCIAL_TRANSACTION,TRANSACTION_TYPE_ID,IS_UNITIZED,PAYMENT_METHOD,INSTRUCTION_DESCRIPTION,SUBMIT_TO_SPP,REQUIRE_SIGNATURES,IS_SUPPORTING,REQUIRE_SOURCE_ACCOUNT_DATA,REQUIRE_DEST_ACCOUNT_DATA,SOURCE_ACCOUNT_ID,DEST_ACCOUNT_ID,ORGANISATION_ID,CASH_AMOUNT,UNIT_AMOUNT,SOURCE_BANK_ACCOUNT_ID,DEST_BANK_ACCOUNT_ID,PERSON_ID) values (98,94,'SEGAPP','0','0',null,'0',null,'Segregated application','1','0','0','1','0','Y',null,null,null,null,null,null,null);
Insert into INSTRUCTION_TYPE_DATA_LOADER (INSTRUCTION_TYPE_ID,SCHPRIMARYKEY,INSTRUCTION_TYPE_NAME,NOT_USED,IS_FINANCIAL_TRANSACTION,TRANSACTION_TYPE_ID,IS_UNITIZED,PAYMENT_METHOD,INSTRUCTION_DESCRIPTION,SUBMIT_TO_SPP,REQUIRE_SIGNATURES,IS_SUPPORTING,REQUIRE_SOURCE_ACCOUNT_DATA,REQUIRE_DEST_ACCOUNT_DATA,SOURCE_ACCOUNT_ID,DEST_ACCOUNT_ID,ORGANISATION_ID,CASH_AMOUNT,UNIT_AMOUNT,SOURCE_BANK_ACCOUNT_ID,DEST_BANK_ACCOUNT_ID,PERSON_ID) values (99,93,'SEGMAND','0','0',null,'0',null,'Segregated mandate','1','0','0','0','0',null,null,null,null,null,null,null,null);
Insert into INSTRUCTION_TYPE_DATA_LOADER (INSTRUCTION_TYPE_ID,SCHPRIMARYKEY,INSTRUCTION_TYPE_NAME,NOT_USED,IS_FINANCIAL_TRANSACTION,TRANSACTION_TYPE_ID,IS_UNITIZED,PAYMENT_METHOD,INSTRUCTION_DESCRIPTION,SUBMIT_TO_SPP,REQUIRE_SIGNATURES,IS_SUPPORTING,REQUIRE_SOURCE_ACCOUNT_DATA,REQUIRE_DEST_ACCOUNT_DATA,SOURCE_ACCOUNT_ID,DEST_ACCOUNT_ID,ORGANISATION_ID,CASH_AMOUNT,UNIT_AMOUNT,SOURCE_BANK_ACCOUNT_ID,DEST_BANK_ACCOUNT_ID,PERSON_ID) values (100,73,'SIGLIST','0','0',null,'0',null,'Authorised Signatory lists','1','0','1','0','0',null,null,null,null,null,null,null,null);
Insert into INSTRUCTION_TYPE_DATA_LOADER (INSTRUCTION_TYPE_ID,SCHPRIMARYKEY,INSTRUCTION_TYPE_NAME,NOT_USED,IS_FINANCIAL_TRANSACTION,TRANSACTION_TYPE_ID,IS_UNITIZED,PAYMENT_METHOD,INSTRUCTION_DESCRIPTION,SUBMIT_TO_SPP,REQUIRE_SIGNATURES,IS_SUPPORTING,REQUIRE_SOURCE_ACCOUNT_DATA,REQUIRE_DEST_ACCOUNT_DATA,SOURCE_ACCOUNT_ID,DEST_ACCOUNT_ID,ORGANISATION_ID,CASH_AMOUNT,UNIT_AMOUNT,SOURCE_BANK_ACCOUNT_ID,DEST_BANK_ACCOUNT_ID,PERSON_ID) values (101,74,'STATORD','0','0',null,'0',null,'Stationery Request','1','0','0','1','0','Y',null,null,null,null,null,null,null);
Insert into INSTRUCTION_TYPE_DATA_LOADER (INSTRUCTION_TYPE_ID,SCHPRIMARYKEY,INSTRUCTION_TYPE_NAME,NOT_USED,IS_FINANCIAL_TRANSACTION,TRANSACTION_TYPE_ID,IS_UNITIZED,PAYMENT_METHOD,INSTRUCTION_DESCRIPTION,SUBMIT_TO_SPP,REQUIRE_SIGNATURES,IS_SUPPORTING,REQUIRE_SOURCE_ACCOUNT_DATA,REQUIRE_DEST_ACCOUNT_DATA,SOURCE_ACCOUNT_ID,DEST_ACCOUNT_ID,ORGANISATION_ID,CASH_AMOUNT,UNIT_AMOUNT,SOURCE_BANK_ACCOUNT_ID,DEST_BANK_ACCOUNT_ID,PERSON_ID) values (102,75,'STOCKTF','0','0',null,'0',null,'Stock Transfer Forms','0','0','0','1','0','Y',null,null,null,null,null,null,null);
Insert into INSTRUCTION_TYPE_DATA_LOADER (INSTRUCTION_TYPE_ID,SCHPRIMARYKEY,INSTRUCTION_TYPE_NAME,NOT_USED,IS_FINANCIAL_TRANSACTION,TRANSACTION_TYPE_ID,IS_UNITIZED,PAYMENT_METHOD,INSTRUCTION_DESCRIPTION,SUBMIT_TO_SPP,REQUIRE_SIGNATURES,IS_SUPPORTING,REQUIRE_SOURCE_ACCOUNT_DATA,REQUIRE_DEST_ACCOUNT_DATA,SOURCE_ACCOUNT_ID,DEST_ACCOUNT_ID,ORGANISATION_ID,CASH_AMOUNT,UNIT_AMOUNT,SOURCE_BANK_ACCOUNT_ID,DEST_BANK_ACCOUNT_ID,PERSON_ID) values (103,76,'STORD','0','0',null,'0',null,'Standing Order Form','1','0','0','1','0','Y',null,null,null,null,null,null,null);
Insert into INSTRUCTION_TYPE_DATA_LOADER (INSTRUCTION_TYPE_ID,SCHPRIMARYKEY,INSTRUCTION_TYPE_NAME,NOT_USED,IS_FINANCIAL_TRANSACTION,TRANSACTION_TYPE_ID,IS_UNITIZED,PAYMENT_METHOD,INSTRUCTION_DESCRIPTION,SUBMIT_TO_SPP,REQUIRE_SIGNATURES,IS_SUPPORTING,REQUIRE_SOURCE_ACCOUNT_DATA,REQUIRE_DEST_ACCOUNT_DATA,SOURCE_ACCOUNT_ID,DEST_ACCOUNT_ID,ORGANISATION_ID,CASH_AMOUNT,UNIT_AMOUNT,SOURCE_BANK_ACCOUNT_ID,DEST_BANK_ACCOUNT_ID,PERSON_ID) values (104,115,'TOPANEL','0','0',null,'0',null,'Takeover Panel','1','0','0','0','0',null,null,null,null,null,null,null,null);
Insert into INSTRUCTION_TYPE_DATA_LOADER (INSTRUCTION_TYPE_ID,SCHPRIMARYKEY,INSTRUCTION_TYPE_NAME,NOT_USED,IS_FINANCIAL_TRANSACTION,TRANSACTION_TYPE_ID,IS_UNITIZED,PAYMENT_METHOD,INSTRUCTION_DESCRIPTION,SUBMIT_TO_SPP,REQUIRE_SIGNATURES,IS_SUPPORTING,REQUIRE_SOURCE_ACCOUNT_DATA,REQUIRE_DEST_ACCOUNT_DATA,SOURCE_ACCOUNT_ID,DEST_ACCOUNT_ID,ORGANISATION_ID,CASH_AMOUNT,UNIT_AMOUNT,SOURCE_BANK_ACCOUNT_ID,DEST_BANK_ACCOUNT_ID,PERSON_ID) values (105,77,'TRANSOUT','0','1','3','1','Internal','Transfer between any fund i.e.Investment or Deposits to any other fund i.e. Investment or Deposit','1','1','0','1','1','Y','Y',null,'O','Y',null,null,null);
Insert into INSTRUCTION_TYPE_DATA_LOADER (INSTRUCTION_TYPE_ID,SCHPRIMARYKEY,INSTRUCTION_TYPE_NAME,NOT_USED,IS_FINANCIAL_TRANSACTION,TRANSACTION_TYPE_ID,IS_UNITIZED,PAYMENT_METHOD,INSTRUCTION_DESCRIPTION,SUBMIT_TO_SPP,REQUIRE_SIGNATURES,IS_SUPPORTING,REQUIRE_SOURCE_ACCOUNT_DATA,REQUIRE_DEST_ACCOUNT_DATA,SOURCE_ACCOUNT_ID,DEST_ACCOUNT_ID,ORGANISATION_ID,CASH_AMOUNT,UNIT_AMOUNT,SOURCE_BANK_ACCOUNT_ID,DEST_BANK_ACCOUNT_ID,PERSON_ID) values (106,78,'WTHBACS','0','1','2','0','BACS','Withdrawal by BACS','1','1','0','1','0','Y',null,null,'Y','O',null,null,null);
Insert into INSTRUCTION_TYPE_DATA_LOADER (INSTRUCTION_TYPE_ID,SCHPRIMARYKEY,INSTRUCTION_TYPE_NAME,NOT_USED,IS_FINANCIAL_TRANSACTION,TRANSACTION_TYPE_ID,IS_UNITIZED,PAYMENT_METHOD,INSTRUCTION_DESCRIPTION,SUBMIT_TO_SPP,REQUIRE_SIGNATURES,IS_SUPPORTING,REQUIRE_SOURCE_ACCOUNT_DATA,REQUIRE_DEST_ACCOUNT_DATA,SOURCE_ACCOUNT_ID,DEST_ACCOUNT_ID,ORGANISATION_ID,CASH_AMOUNT,UNIT_AMOUNT,SOURCE_BANK_ACCOUNT_ID,DEST_BANK_ACCOUNT_ID,PERSON_ID) values (107,79,'WTHCHPS','0','1','2','0','CHAPS','Withdrawal by CHAPS','1','1','0','1','0','Y',null,null,'Y','O',null,null,null);
Insert into INSTRUCTION_TYPE_DATA_LOADER (INSTRUCTION_TYPE_ID,SCHPRIMARYKEY,INSTRUCTION_TYPE_NAME,NOT_USED,IS_FINANCIAL_TRANSACTION,TRANSACTION_TYPE_ID,IS_UNITIZED,PAYMENT_METHOD,INSTRUCTION_DESCRIPTION,SUBMIT_TO_SPP,REQUIRE_SIGNATURES,IS_SUPPORTING,REQUIRE_SOURCE_ACCOUNT_DATA,REQUIRE_DEST_ACCOUNT_DATA,SOURCE_ACCOUNT_ID,DEST_ACCOUNT_ID,ORGANISATION_ID,CASH_AMOUNT,UNIT_AMOUNT,SOURCE_BANK_ACCOUNT_ID,DEST_BANK_ACCOUNT_ID,PERSON_ID) values (108,80,'WTHCHQ','0','1','2','0','Cheque','Withdrawal by CHQS','1','1','0','1','0','Y',null,null,'Y','O',null,null,null);

-- APPLICABLE_INSTRUCTION_DATA table
DELETE FROM APPLICABLE_INSTRUCTION_DATA;

CREATE SEQUENCE SEQ_APPLICABLE_INSTR_DATA;

-- SOURCE_ACCOUNT_ID as required field
INSERT INTO APPLICABLE_INSTRUCTION_DATA
SELECT SEQ_APPLICABLE_INSTR_DATA.NEXTVAL, 1, ldr.INSTRUCTION_TYPE_ID, 0
FROM INSTRUCTION_TYPE_DATA_LOADER ldr WHERE ldr.source_account_id = 'Y';
-- SOURCE_ACCOUNT_ID as optional field
INSERT INTO APPLICABLE_INSTRUCTION_DATA
SELECT SEQ_APPLICABLE_INSTR_DATA.NEXTVAL, 1, ldr.INSTRUCTION_TYPE_ID, 1
FROM INSTRUCTION_TYPE_DATA_LOADER ldr WHERE ldr.source_account_id = 'O';

-- SOURCE_BANK_ACCOUNT_ID as required field
INSERT INTO APPLICABLE_INSTRUCTION_DATA
SELECT SEQ_APPLICABLE_INSTR_DATA.NEXTVAL, 2, ldr.INSTRUCTION_TYPE_ID, 0
FROM INSTRUCTION_TYPE_DATA_LOADER ldr WHERE ldr.source_bank_account_id = 'Y';
-- SOURCE_BANK_ACCOUNT_ID as optional field
INSERT INTO APPLICABLE_INSTRUCTION_DATA
SELECT SEQ_APPLICABLE_INSTR_DATA.NEXTVAL, 2, ldr.INSTRUCTION_TYPE_ID, 1
FROM INSTRUCTION_TYPE_DATA_LOADER ldr WHERE ldr.source_bank_account_id = 'O';

-- CASH as required field
INSERT INTO APPLICABLE_INSTRUCTION_DATA
SELECT SEQ_APPLICABLE_INSTR_DATA.NEXTVAL, 3, ldr.INSTRUCTION_TYPE_ID, 0
FROM INSTRUCTION_TYPE_DATA_LOADER ldr WHERE ldr.cash_amount = 'Y';
-- CASH as optional field
INSERT INTO APPLICABLE_INSTRUCTION_DATA
SELECT SEQ_APPLICABLE_INSTR_DATA.NEXTVAL, 3, ldr.INSTRUCTION_TYPE_ID, 1
FROM INSTRUCTION_TYPE_DATA_LOADER ldr WHERE ldr.cash_amount= 'O';

-- UNITS as required field
INSERT INTO APPLICABLE_INSTRUCTION_DATA
SELECT SEQ_APPLICABLE_INSTR_DATA.NEXTVAL, 4, ldr.INSTRUCTION_TYPE_ID, 0
FROM INSTRUCTION_TYPE_DATA_LOADER ldr WHERE ldr.unit_amount = 'Y';
-- UNITS as optional field
INSERT INTO APPLICABLE_INSTRUCTION_DATA
SELECT SEQ_APPLICABLE_INSTR_DATA.NEXTVAL, 4, ldr.INSTRUCTION_TYPE_ID, 1
FROM INSTRUCTION_TYPE_DATA_LOADER ldr WHERE ldr.unit_amount= 'O';

-- DESTINATION_ACCOUNT as required field
INSERT INTO APPLICABLE_INSTRUCTION_DATA
SELECT SEQ_APPLICABLE_INSTR_DATA.NEXTVAL, 6, ldr.INSTRUCTION_TYPE_ID, 0
FROM INSTRUCTION_TYPE_DATA_LOADER ldr WHERE ldr.dest_account_id = 'Y';
-- DESTINATION_ACCOUNT as optional field
INSERT INTO APPLICABLE_INSTRUCTION_DATA
SELECT SEQ_APPLICABLE_INSTR_DATA.NEXTVAL, 6, ldr.INSTRUCTION_TYPE_ID, 1
FROM INSTRUCTION_TYPE_DATA_LOADER ldr WHERE ldr.dest_account_id = 'O';

-- DESTINATION_BANK_ACCOUNT as required field
INSERT INTO APPLICABLE_INSTRUCTION_DATA
SELECT SEQ_APPLICABLE_INSTR_DATA.NEXTVAL, 7, ldr.INSTRUCTION_TYPE_ID, 0
FROM INSTRUCTION_TYPE_DATA_LOADER ldr WHERE ldr.dest_bank_account_id = 'Y';
-- DESTINATION_BANK_ACCOUNT as optional field
INSERT INTO APPLICABLE_INSTRUCTION_DATA
SELECT SEQ_APPLICABLE_INSTR_DATA.NEXTVAL, 7, ldr.INSTRUCTION_TYPE_ID, 1
FROM INSTRUCTION_TYPE_DATA_LOADER ldr WHERE ldr.dest_bank_account_id = 'O';

-- ORGANISATION_ID as required field
INSERT INTO APPLICABLE_INSTRUCTION_DATA
SELECT SEQ_APPLICABLE_INSTR_DATA.NEXTVAL, 9, ldr.INSTRUCTION_TYPE_ID, 0
FROM INSTRUCTION_TYPE_DATA_LOADER ldr WHERE ldr.organisation_id = 'Y';
-- ORGANISATION_ID as optional field
INSERT INTO APPLICABLE_INSTRUCTION_DATA
SELECT SEQ_APPLICABLE_INSTR_DATA.NEXTVAL, 9, ldr.INSTRUCTION_TYPE_ID, 1
FROM INSTRUCTION_TYPE_DATA_LOADER ldr WHERE ldr.organisation_id = 'O';

-- PERSON_ID as required field
INSERT INTO APPLICABLE_INSTRUCTION_DATA
SELECT SEQ_APPLICABLE_INSTR_DATA.NEXTVAL, 10, ldr.INSTRUCTION_TYPE_ID, 0
FROM INSTRUCTION_TYPE_DATA_LOADER ldr WHERE ldr.person_id = 'Y';
-- ORGANISATION_ID as optional field
INSERT INTO APPLICABLE_INSTRUCTION_DATA
SELECT SEQ_APPLICABLE_INSTR_DATA.NEXTVAL, 10, ldr.INSTRUCTION_TYPE_ID, 1
FROM INSTRUCTION_TYPE_DATA_LOADER ldr WHERE ldr.person_id = 'O';

