/* 	Contains INSERT statements for all 'static' data in the CCLA database reference tables. 
	
	Tom Marchant
*/

/* Genders */
REM INSERTING into REF_GENDER
Insert into REF_GENDER (GENDER_ID,GENDER_NAME) values (1,'Male');
Insert into REF_GENDER (GENDER_ID,GENDER_NAME) values (2,'Female');

/* Name title categories */
REM INSERTING into REF_TITLE_CATEGORY
Insert into REF_TITLE_CATEGORY (TITLE_CATEGORY_ID,TITLE_CATEGORY_NAME) values (1,'Common');
Insert into REF_TITLE_CATEGORY (TITLE_CATEGORY_ID,TITLE_CATEGORY_NAME) values (2,'Church');
Insert into REF_TITLE_CATEGORY (TITLE_CATEGORY_ID,TITLE_CATEGORY_NAME) values (3,'Army');
Insert into REF_TITLE_CATEGORY (TITLE_CATEGORY_ID,TITLE_CATEGORY_NAME) values (4,'RAF');
Insert into REF_TITLE_CATEGORY (TITLE_CATEGORY_ID,TITLE_CATEGORY_NAME) values (5,'Navy');
Insert into REF_TITLE_CATEGORY (TITLE_CATEGORY_ID,TITLE_CATEGORY_NAME) values (6,'Government');

/* Name titles */
REM INSERTING into REF_TITLE
Insert into REF_TITLE (TITLE_ID,GENDER_ID,TITLE,TITLE_CATEGORY_ID,SALUTATION,SALUTATION_SUFFIX) values (1,2,'Miss',1,'Miss',null);
Insert into REF_TITLE (TITLE_ID,GENDER_ID,TITLE,TITLE_CATEGORY_ID,SALUTATION,SALUTATION_SUFFIX) values (2,1,'Mr',1,'Mr',null);
Insert into REF_TITLE (TITLE_ID,GENDER_ID,TITLE,TITLE_CATEGORY_ID,SALUTATION,SALUTATION_SUFFIX) values (3,2,'Mrs',1,'Mrs',null);
Insert into REF_TITLE (TITLE_ID,GENDER_ID,TITLE,TITLE_CATEGORY_ID,SALUTATION,SALUTATION_SUFFIX) values (4,2,'Ms',1,'Ms',null);
Insert into REF_TITLE (TITLE_ID,GENDER_ID,TITLE,TITLE_CATEGORY_ID,SALUTATION,SALUTATION_SUFFIX) values (5,null,'Dr',1,'Dr',null);
Insert into REF_TITLE (TITLE_ID,GENDER_ID,TITLE,TITLE_CATEGORY_ID,SALUTATION,SALUTATION_SUFFIX) values (6,null,'Professor',1,'Professor',null);
Insert into REF_TITLE (TITLE_ID,GENDER_ID,TITLE,TITLE_CATEGORY_ID,SALUTATION,SALUTATION_SUFFIX) values (7,1,'Sir',1,'Sir',null);
Insert into REF_TITLE (TITLE_ID,GENDER_ID,TITLE,TITLE_CATEGORY_ID,SALUTATION,SALUTATION_SUFFIX) values (8,1,'Earl',1,'Earl',null);
Insert into REF_TITLE (TITLE_ID,GENDER_ID,TITLE,TITLE_CATEGORY_ID,SALUTATION,SALUTATION_SUFFIX) values (9,1,'Viscount',1,'Lord',null);
Insert into REF_TITLE (TITLE_ID,GENDER_ID,TITLE,TITLE_CATEGORY_ID,SALUTATION,SALUTATION_SUFFIX) values (10,2,'Lady',1,'Lady',null);
Insert into REF_TITLE (TITLE_ID,GENDER_ID,TITLE,TITLE_CATEGORY_ID,SALUTATION,SALUTATION_SUFFIX) values (11,2,'Countess',1,'Lady',null);
Insert into REF_TITLE (TITLE_ID,GENDER_ID,TITLE,TITLE_CATEGORY_ID,SALUTATION,SALUTATION_SUFFIX) values (12,null,'Revd',2,'Mr','sn');
Insert into REF_TITLE (TITLE_ID,GENDER_ID,TITLE,TITLE_CATEGORY_ID,SALUTATION,SALUTATION_SUFFIX) values (13,null,'Pastor',2,'Pastor','sn');
Insert into REF_TITLE (TITLE_ID,GENDER_ID,TITLE,TITLE_CATEGORY_ID,SALUTATION,SALUTATION_SUFFIX) values (14,null,'Canon',2,'Canon','sn');
Insert into REF_TITLE (TITLE_ID,GENDER_ID,TITLE,TITLE_CATEGORY_ID,SALUTATION,SALUTATION_SUFFIX) values (15,null,'Dean',2,'Dean',null);
Insert into REF_TITLE (TITLE_ID,GENDER_ID,TITLE,TITLE_CATEGORY_ID,SALUTATION,SALUTATION_SUFFIX) values (16,null,'Archdeacon',2,'Archdeacon','sn');
Insert into REF_TITLE (TITLE_ID,GENDER_ID,TITLE,TITLE_CATEGORY_ID,SALUTATION,SALUTATION_SUFFIX) values (17,null,'Provost',2,'Provost',null);
Insert into REF_TITLE (TITLE_ID,GENDER_ID,TITLE,TITLE_CATEGORY_ID,SALUTATION,SALUTATION_SUFFIX) values (18,null,'Bishop',2,'Bishop',null);
Insert into REF_TITLE (TITLE_ID,GENDER_ID,TITLE,TITLE_CATEGORY_ID,SALUTATION,SALUTATION_SUFFIX) values (19,null,'Archbishop',2,'Archbishop',null);
Insert into REF_TITLE (TITLE_ID,GENDER_ID,TITLE,TITLE_CATEGORY_ID,SALUTATION,SALUTATION_SUFFIX) values (20,2,'Reverend Mother',2,'Reverend Mother',null);
Insert into REF_TITLE (TITLE_ID,GENDER_ID,TITLE,TITLE_CATEGORY_ID,SALUTATION,SALUTATION_SUFFIX) values (21,2,'Mother Superior',2,'Mother Superior',null);
Insert into REF_TITLE (TITLE_ID,GENDER_ID,TITLE,TITLE_CATEGORY_ID,SALUTATION,SALUTATION_SUFFIX) values (22,2,'Sister',2,'Sister','sn');
Insert into REF_TITLE (TITLE_ID,GENDER_ID,TITLE,TITLE_CATEGORY_ID,SALUTATION,SALUTATION_SUFFIX) values (23,1,'Father',2,'Father','sn');
Insert into REF_TITLE (TITLE_ID,GENDER_ID,TITLE,TITLE_CATEGORY_ID,SALUTATION,SALUTATION_SUFFIX) values (24,1,'Brother',2,'Brother','sn');
Insert into REF_TITLE (TITLE_ID,GENDER_ID,TITLE,TITLE_CATEGORY_ID,SALUTATION,SALUTATION_SUFFIX) values (25,null,'Prebendary',2,'Prebendary','sn');
Insert into REF_TITLE (TITLE_ID,GENDER_ID,TITLE,TITLE_CATEGORY_ID,SALUTATION,SALUTATION_SUFFIX) values (26,null,'General',3,'General','sn');
Insert into REF_TITLE (TITLE_ID,GENDER_ID,TITLE,TITLE_CATEGORY_ID,SALUTATION,SALUTATION_SUFFIX) values (27,null,'Lieutenant General',3,'General','sn');
Insert into REF_TITLE (TITLE_ID,GENDER_ID,TITLE,TITLE_CATEGORY_ID,SALUTATION,SALUTATION_SUFFIX) values (28,null,'Major General',3,'General','sn');
Insert into REF_TITLE (TITLE_ID,GENDER_ID,TITLE,TITLE_CATEGORY_ID,SALUTATION,SALUTATION_SUFFIX) values (29,null,'Brigadier',3,'Brigadier','sn');
Insert into REF_TITLE (TITLE_ID,GENDER_ID,TITLE,TITLE_CATEGORY_ID,SALUTATION,SALUTATION_SUFFIX) values (30,null,'Colonel',3,'Colonel','sn');
Insert into REF_TITLE (TITLE_ID,GENDER_ID,TITLE,TITLE_CATEGORY_ID,SALUTATION,SALUTATION_SUFFIX) values (31,null,'Lieutenant Colonel',3,'Colonel','sn');
Insert into REF_TITLE (TITLE_ID,GENDER_ID,TITLE,TITLE_CATEGORY_ID,SALUTATION,SALUTATION_SUFFIX) values (32,null,'Major',3,'Major','sn');
Insert into REF_TITLE (TITLE_ID,GENDER_ID,TITLE,TITLE_CATEGORY_ID,SALUTATION,SALUTATION_SUFFIX) values (33,null,'Captain',3,'Captian','sn');
Insert into REF_TITLE (TITLE_ID,GENDER_ID,TITLE,TITLE_CATEGORY_ID,SALUTATION,SALUTATION_SUFFIX) values (34,null,'Lieutenant',3,'Lieutenant','sn');
Insert into REF_TITLE (TITLE_ID,GENDER_ID,TITLE,TITLE_CATEGORY_ID,SALUTATION,SALUTATION_SUFFIX) values (35,null,'Group Captain',4,'Group Captain','sn');
Insert into REF_TITLE (TITLE_ID,GENDER_ID,TITLE,TITLE_CATEGORY_ID,SALUTATION,SALUTATION_SUFFIX) values (36,null,'Wing Cammander',4,'Wing Commander','sn');
Insert into REF_TITLE (TITLE_ID,GENDER_ID,TITLE,TITLE_CATEGORY_ID,SALUTATION,SALUTATION_SUFFIX) values (37,null,'Flight Lieutenant',4,'Flight Lieutenant','sn');
Insert into REF_TITLE (TITLE_ID,GENDER_ID,TITLE,TITLE_CATEGORY_ID,SALUTATION,SALUTATION_SUFFIX) values (38,null,'Squadron Leader',4,'Squadron Leader','sn');
Insert into REF_TITLE (TITLE_ID,GENDER_ID,TITLE,TITLE_CATEGORY_ID,SALUTATION,SALUTATION_SUFFIX) values (39,null,'Air Commodore',4,'Air Commodore','sn');
Insert into REF_TITLE (TITLE_ID,GENDER_ID,TITLE,TITLE_CATEGORY_ID,SALUTATION,SALUTATION_SUFFIX) values (40,null,'Admiral',5,'Admiral','sn');
Insert into REF_TITLE (TITLE_ID,GENDER_ID,TITLE,TITLE_CATEGORY_ID,SALUTATION,SALUTATION_SUFFIX) values (41,null,'Vice Admiral',5,'Admiral','sn');
Insert into REF_TITLE (TITLE_ID,GENDER_ID,TITLE,TITLE_CATEGORY_ID,SALUTATION,SALUTATION_SUFFIX) values (42,null,'Rear Admiral',5,'Admiral','sn');
Insert into REF_TITLE (TITLE_ID,GENDER_ID,TITLE,TITLE_CATEGORY_ID,SALUTATION,SALUTATION_SUFFIX) values (43,null,'Commodore',5,'Commodore','sn');
Insert into REF_TITLE (TITLE_ID,GENDER_ID,TITLE,TITLE_CATEGORY_ID,SALUTATION,SALUTATION_SUFFIX) values (44,null,'Captain',5,'Captain','sn');
Insert into REF_TITLE (TITLE_ID,GENDER_ID,TITLE,TITLE_CATEGORY_ID,SALUTATION,SALUTATION_SUFFIX) values (45,null,'Commander',5,'Commander','sn');
Insert into REF_TITLE (TITLE_ID,GENDER_ID,TITLE,TITLE_CATEGORY_ID,SALUTATION,SALUTATION_SUFFIX) values (46,null,'Lieutenant Commander',5,'Commander','sn');
Insert into REF_TITLE (TITLE_ID,GENDER_ID,TITLE,TITLE_CATEGORY_ID,SALUTATION,SALUTATION_SUFFIX) values (47,null,'Lieutenant',5,'Lieutenant','sn');
Insert into REF_TITLE (TITLE_ID,GENDER_ID,TITLE,TITLE_CATEGORY_ID,SALUTATION,SALUTATION_SUFFIX) values (48,null,'Warrant Officer',5,'Warrant Officer','sn');
Insert into REF_TITLE (TITLE_ID,GENDER_ID,TITLE,TITLE_CATEGORY_ID,SALUTATION,SALUTATION_SUFFIX) values (49,null,'Chief Petty Officer',5,'Chief Petty Officer','sn');
Insert into REF_TITLE (TITLE_ID,GENDER_ID,TITLE,TITLE_CATEGORY_ID,SALUTATION,SALUTATION_SUFFIX) values (50,null,'Petty Officer',5,'Petty Officer','sn');
Insert into REF_TITLE (TITLE_ID,GENDER_ID,TITLE,TITLE_CATEGORY_ID,SALUTATION,SALUTATION_SUFFIX) values (51,null,'Councillor',6,'Councillor','sn');

/* Companies */
REM INSERTING into REF_COMPANY
Insert into REF_COMPANY (COMPANY_ID,COMPANY_CODE,COMPANY_NAME) values ('1','COIF','Charities');
Insert into REF_COMPANY (COMPANY_ID,COMPANY_CODE,COMPANY_NAME) values ('2','CBF','The Church of England');
Insert into REF_COMPANY (COMPANY_ID,COMPANY_CODE,COMPANY_NAME) values ('3','LAMIT','Local Authorities and Properties');
Insert into REF_COMPANY (COMPANY_ID,COMPANY_CODE,COMPANY_NAME) values ('4','PSDF','Public Sector');
Insert into REF_COMPANY (COMPANY_ID,COMPANY_CODE,COMPANY_NAME) values ('5','CCLA','CCLA');

/* Organisation source */
REM INSERTING into REF_ORG_SOURCE
Insert into REF_ORG_SOURCE (ORG_SOURCE_ID,ORG_SOURCE_NAME) values (1,'Aurora');
Insert into REF_ORG_SOURCE (ORG_SOURCE_ID,ORG_SOURCE_NAME) values (2,'User');
Insert into REF_ORG_SOURCE (ORG_SOURCE_ID,ORG_SOURCE_NAME) values (3,'Local Authority spreadsheet');
Insert into REF_ORG_SOURCE (ORG_SOURCE_ID,ORG_SOURCE_NAME) values (4,'Public Sector spreadsheet');

/* Countries */
REM INSERTING into REF_COUNTRY
Insert into REF_COUNTRY (COUNTRY_ID,COUNTRY_NAME,COUNTRY_ISO_ALPHA2_CODE) values (1,'Andorra','AD');
Insert into REF_COUNTRY (COUNTRY_ID,COUNTRY_NAME,COUNTRY_ISO_ALPHA2_CODE) values (2,'United Arab Emirates','AE');
Insert into REF_COUNTRY (COUNTRY_ID,COUNTRY_NAME,COUNTRY_ISO_ALPHA2_CODE) values (3,'Afghanistan','AF');
Insert into REF_COUNTRY (COUNTRY_ID,COUNTRY_NAME,COUNTRY_ISO_ALPHA2_CODE) values (4,'Antigua and Barbuda','AG');
Insert into REF_COUNTRY (COUNTRY_ID,COUNTRY_NAME,COUNTRY_ISO_ALPHA2_CODE) values (5,'Anguilla','AI');
Insert into REF_COUNTRY (COUNTRY_ID,COUNTRY_NAME,COUNTRY_ISO_ALPHA2_CODE) values (6,'Albania','AL');
Insert into REF_COUNTRY (COUNTRY_ID,COUNTRY_NAME,COUNTRY_ISO_ALPHA2_CODE) values (7,'Armenia','AM');
Insert into REF_COUNTRY (COUNTRY_ID,COUNTRY_NAME,COUNTRY_ISO_ALPHA2_CODE) values (8,'Netherlands Antilles','AN');
Insert into REF_COUNTRY (COUNTRY_ID,COUNTRY_NAME,COUNTRY_ISO_ALPHA2_CODE) values (9,'Angola','AO');
Insert into REF_COUNTRY (COUNTRY_ID,COUNTRY_NAME,COUNTRY_ISO_ALPHA2_CODE) values (10,'Asia/Pacific Region','AP');
Insert into REF_COUNTRY (COUNTRY_ID,COUNTRY_NAME,COUNTRY_ISO_ALPHA2_CODE) values (11,'Antarctica','AQ');
Insert into REF_COUNTRY (COUNTRY_ID,COUNTRY_NAME,COUNTRY_ISO_ALPHA2_CODE) values (12,'Argentina','AR');
Insert into REF_COUNTRY (COUNTRY_ID,COUNTRY_NAME,COUNTRY_ISO_ALPHA2_CODE) values (13,'American Samoa','AS');
Insert into REF_COUNTRY (COUNTRY_ID,COUNTRY_NAME,COUNTRY_ISO_ALPHA2_CODE) values (14,'Austria','AT');
Insert into REF_COUNTRY (COUNTRY_ID,COUNTRY_NAME,COUNTRY_ISO_ALPHA2_CODE) values (15,'Australia','AU');
Insert into REF_COUNTRY (COUNTRY_ID,COUNTRY_NAME,COUNTRY_ISO_ALPHA2_CODE) values (16,'Aruba','AW');
Insert into REF_COUNTRY (COUNTRY_ID,COUNTRY_NAME,COUNTRY_ISO_ALPHA2_CODE) values (17,'Aland Islands','AX');
Insert into REF_COUNTRY (COUNTRY_ID,COUNTRY_NAME,COUNTRY_ISO_ALPHA2_CODE) values (18,'Azerbaijan','AZ');
Insert into REF_COUNTRY (COUNTRY_ID,COUNTRY_NAME,COUNTRY_ISO_ALPHA2_CODE) values (19,'Bosnia and Herzegovina','BA');
Insert into REF_COUNTRY (COUNTRY_ID,COUNTRY_NAME,COUNTRY_ISO_ALPHA2_CODE) values (20,'Barbados','BB');
Insert into REF_COUNTRY (COUNTRY_ID,COUNTRY_NAME,COUNTRY_ISO_ALPHA2_CODE) values (21,'Bangladesh','BD');
Insert into REF_COUNTRY (COUNTRY_ID,COUNTRY_NAME,COUNTRY_ISO_ALPHA2_CODE) values (22,'Belgium','BE');
Insert into REF_COUNTRY (COUNTRY_ID,COUNTRY_NAME,COUNTRY_ISO_ALPHA2_CODE) values (23,'Burkina Faso','BF');
Insert into REF_COUNTRY (COUNTRY_ID,COUNTRY_NAME,COUNTRY_ISO_ALPHA2_CODE) values (24,'Bulgaria','BG');
Insert into REF_COUNTRY (COUNTRY_ID,COUNTRY_NAME,COUNTRY_ISO_ALPHA2_CODE) values (25,'Bahrain','BH');
Insert into REF_COUNTRY (COUNTRY_ID,COUNTRY_NAME,COUNTRY_ISO_ALPHA2_CODE) values (26,'Burundi','BI');
Insert into REF_COUNTRY (COUNTRY_ID,COUNTRY_NAME,COUNTRY_ISO_ALPHA2_CODE) values (27,'Benin','BJ');
Insert into REF_COUNTRY (COUNTRY_ID,COUNTRY_NAME,COUNTRY_ISO_ALPHA2_CODE) values (28,'Bermuda','BM');
Insert into REF_COUNTRY (COUNTRY_ID,COUNTRY_NAME,COUNTRY_ISO_ALPHA2_CODE) values (29,'Brunei Darussalam','BN');
Insert into REF_COUNTRY (COUNTRY_ID,COUNTRY_NAME,COUNTRY_ISO_ALPHA2_CODE) values (30,'Bolivia','BO');
Insert into REF_COUNTRY (COUNTRY_ID,COUNTRY_NAME,COUNTRY_ISO_ALPHA2_CODE) values (31,'Brazil','BR');
Insert into REF_COUNTRY (COUNTRY_ID,COUNTRY_NAME,COUNTRY_ISO_ALPHA2_CODE) values (32,'Bahamas','BS');
Insert into REF_COUNTRY (COUNTRY_ID,COUNTRY_NAME,COUNTRY_ISO_ALPHA2_CODE) values (33,'Bhutan','BT');
Insert into REF_COUNTRY (COUNTRY_ID,COUNTRY_NAME,COUNTRY_ISO_ALPHA2_CODE) values (34,'Bouvet Island','BV');
Insert into REF_COUNTRY (COUNTRY_ID,COUNTRY_NAME,COUNTRY_ISO_ALPHA2_CODE) values (35,'Botswana','BW');
Insert into REF_COUNTRY (COUNTRY_ID,COUNTRY_NAME,COUNTRY_ISO_ALPHA2_CODE) values (36,'Belarus','BY');
Insert into REF_COUNTRY (COUNTRY_ID,COUNTRY_NAME,COUNTRY_ISO_ALPHA2_CODE) values (37,'Belize','BZ');
Insert into REF_COUNTRY (COUNTRY_ID,COUNTRY_NAME,COUNTRY_ISO_ALPHA2_CODE) values (38,'Canada','CA');
Insert into REF_COUNTRY (COUNTRY_ID,COUNTRY_NAME,COUNTRY_ISO_ALPHA2_CODE) values (39,'Cocos (Keeling) Islands','CC');
Insert into REF_COUNTRY (COUNTRY_ID,COUNTRY_NAME,COUNTRY_ISO_ALPHA2_CODE) values (40,'Congo, The Democratic Republic of the','CD');
Insert into REF_COUNTRY (COUNTRY_ID,COUNTRY_NAME,COUNTRY_ISO_ALPHA2_CODE) values (41,'Central African Republic','CF');
Insert into REF_COUNTRY (COUNTRY_ID,COUNTRY_NAME,COUNTRY_ISO_ALPHA2_CODE) values (42,'Congo','CG');
Insert into REF_COUNTRY (COUNTRY_ID,COUNTRY_NAME,COUNTRY_ISO_ALPHA2_CODE) values (43,'Switzerland','CH');
Insert into REF_COUNTRY (COUNTRY_ID,COUNTRY_NAME,COUNTRY_ISO_ALPHA2_CODE) values (44,'Cote d''''Ivoire','CI');
Insert into REF_COUNTRY (COUNTRY_ID,COUNTRY_NAME,COUNTRY_ISO_ALPHA2_CODE) values (45,'Cook Islands','CK');
Insert into REF_COUNTRY (COUNTRY_ID,COUNTRY_NAME,COUNTRY_ISO_ALPHA2_CODE) values (46,'Chile','CL');
Insert into REF_COUNTRY (COUNTRY_ID,COUNTRY_NAME,COUNTRY_ISO_ALPHA2_CODE) values (47,'Cameroon','CM');
Insert into REF_COUNTRY (COUNTRY_ID,COUNTRY_NAME,COUNTRY_ISO_ALPHA2_CODE) values (48,'China','CN');
Insert into REF_COUNTRY (COUNTRY_ID,COUNTRY_NAME,COUNTRY_ISO_ALPHA2_CODE) values (49,'Colombia','CO');
Insert into REF_COUNTRY (COUNTRY_ID,COUNTRY_NAME,COUNTRY_ISO_ALPHA2_CODE) values (50,'Costa Rica','CR');
Insert into REF_COUNTRY (COUNTRY_ID,COUNTRY_NAME,COUNTRY_ISO_ALPHA2_CODE) values (51,'Cuba','CU');
Insert into REF_COUNTRY (COUNTRY_ID,COUNTRY_NAME,COUNTRY_ISO_ALPHA2_CODE) values (52,'Cape Verde','CV');
Insert into REF_COUNTRY (COUNTRY_ID,COUNTRY_NAME,COUNTRY_ISO_ALPHA2_CODE) values (53,'Christmas Island','CX');
Insert into REF_COUNTRY (COUNTRY_ID,COUNTRY_NAME,COUNTRY_ISO_ALPHA2_CODE) values (54,'Cyprus','CY');
Insert into REF_COUNTRY (COUNTRY_ID,COUNTRY_NAME,COUNTRY_ISO_ALPHA2_CODE) values (55,'Czech Republic','CZ');
Insert into REF_COUNTRY (COUNTRY_ID,COUNTRY_NAME,COUNTRY_ISO_ALPHA2_CODE) values (56,'Germany','DE');
Insert into REF_COUNTRY (COUNTRY_ID,COUNTRY_NAME,COUNTRY_ISO_ALPHA2_CODE) values (57,'Djibouti','DJ');
Insert into REF_COUNTRY (COUNTRY_ID,COUNTRY_NAME,COUNTRY_ISO_ALPHA2_CODE) values (58,'Denmark','DK');
Insert into REF_COUNTRY (COUNTRY_ID,COUNTRY_NAME,COUNTRY_ISO_ALPHA2_CODE) values (59,'Dominica','DM');
Insert into REF_COUNTRY (COUNTRY_ID,COUNTRY_NAME,COUNTRY_ISO_ALPHA2_CODE) values (60,'Dominican Republic','DO');
Insert into REF_COUNTRY (COUNTRY_ID,COUNTRY_NAME,COUNTRY_ISO_ALPHA2_CODE) values (61,'Algeria','DZ');
Insert into REF_COUNTRY (COUNTRY_ID,COUNTRY_NAME,COUNTRY_ISO_ALPHA2_CODE) values (62,'Ecuador','EC');
Insert into REF_COUNTRY (COUNTRY_ID,COUNTRY_NAME,COUNTRY_ISO_ALPHA2_CODE) values (63,'Estonia','EE');
Insert into REF_COUNTRY (COUNTRY_ID,COUNTRY_NAME,COUNTRY_ISO_ALPHA2_CODE) values (64,'Egypt','EG');
Insert into REF_COUNTRY (COUNTRY_ID,COUNTRY_NAME,COUNTRY_ISO_ALPHA2_CODE) values (65,'Western Sahara','EH');
Insert into REF_COUNTRY (COUNTRY_ID,COUNTRY_NAME,COUNTRY_ISO_ALPHA2_CODE) values (66,'Eritrea','ER');
Insert into REF_COUNTRY (COUNTRY_ID,COUNTRY_NAME,COUNTRY_ISO_ALPHA2_CODE) values (67,'Spain','ES');
Insert into REF_COUNTRY (COUNTRY_ID,COUNTRY_NAME,COUNTRY_ISO_ALPHA2_CODE) values (68,'Ethiopia','ET');
Insert into REF_COUNTRY (COUNTRY_ID,COUNTRY_NAME,COUNTRY_ISO_ALPHA2_CODE) values (69,'Europe','EU');
Insert into REF_COUNTRY (COUNTRY_ID,COUNTRY_NAME,COUNTRY_ISO_ALPHA2_CODE) values (70,'Finland','FI');
Insert into REF_COUNTRY (COUNTRY_ID,COUNTRY_NAME,COUNTRY_ISO_ALPHA2_CODE) values (71,'Fiji','FJ');
Insert into REF_COUNTRY (COUNTRY_ID,COUNTRY_NAME,COUNTRY_ISO_ALPHA2_CODE) values (72,'Falkland Islands (Malvinas)','FK');
Insert into REF_COUNTRY (COUNTRY_ID,COUNTRY_NAME,COUNTRY_ISO_ALPHA2_CODE) values (73,'Micronesia, Federated States of','FM');
Insert into REF_COUNTRY (COUNTRY_ID,COUNTRY_NAME,COUNTRY_ISO_ALPHA2_CODE) values (74,'Faroe Islands','FO');
Insert into REF_COUNTRY (COUNTRY_ID,COUNTRY_NAME,COUNTRY_ISO_ALPHA2_CODE) values (75,'France','FR');
Insert into REF_COUNTRY (COUNTRY_ID,COUNTRY_NAME,COUNTRY_ISO_ALPHA2_CODE) values (76,'Gabon','GA');
Insert into REF_COUNTRY (COUNTRY_ID,COUNTRY_NAME,COUNTRY_ISO_ALPHA2_CODE) values (77,'United Kingdom','GB');
Insert into REF_COUNTRY (COUNTRY_ID,COUNTRY_NAME,COUNTRY_ISO_ALPHA2_CODE) values (78,'Grenada','GD');
Insert into REF_COUNTRY (COUNTRY_ID,COUNTRY_NAME,COUNTRY_ISO_ALPHA2_CODE) values (79,'Georgia','GE');
Insert into REF_COUNTRY (COUNTRY_ID,COUNTRY_NAME,COUNTRY_ISO_ALPHA2_CODE) values (80,'French Guiana','GF');
Insert into REF_COUNTRY (COUNTRY_ID,COUNTRY_NAME,COUNTRY_ISO_ALPHA2_CODE) values (81,'Guernsey','GG');
Insert into REF_COUNTRY (COUNTRY_ID,COUNTRY_NAME,COUNTRY_ISO_ALPHA2_CODE) values (82,'Ghana','GH');
Insert into REF_COUNTRY (COUNTRY_ID,COUNTRY_NAME,COUNTRY_ISO_ALPHA2_CODE) values (83,'Gibraltar','GI');
Insert into REF_COUNTRY (COUNTRY_ID,COUNTRY_NAME,COUNTRY_ISO_ALPHA2_CODE) values (84,'Greenland','GL');
Insert into REF_COUNTRY (COUNTRY_ID,COUNTRY_NAME,COUNTRY_ISO_ALPHA2_CODE) values (85,'Gambia','GM');
Insert into REF_COUNTRY (COUNTRY_ID,COUNTRY_NAME,COUNTRY_ISO_ALPHA2_CODE) values (86,'Guinea','GN');
Insert into REF_COUNTRY (COUNTRY_ID,COUNTRY_NAME,COUNTRY_ISO_ALPHA2_CODE) values (87,'Guadeloupe','GP');
Insert into REF_COUNTRY (COUNTRY_ID,COUNTRY_NAME,COUNTRY_ISO_ALPHA2_CODE) values (88,'Equatorial Guinea','GQ');
Insert into REF_COUNTRY (COUNTRY_ID,COUNTRY_NAME,COUNTRY_ISO_ALPHA2_CODE) values (89,'Greece','GR');
Insert into REF_COUNTRY (COUNTRY_ID,COUNTRY_NAME,COUNTRY_ISO_ALPHA2_CODE) values (90,'South Georgia and the South Sandwich Islands','GS');
Insert into REF_COUNTRY (COUNTRY_ID,COUNTRY_NAME,COUNTRY_ISO_ALPHA2_CODE) values (91,'Guatemala','GT');
Insert into REF_COUNTRY (COUNTRY_ID,COUNTRY_NAME,COUNTRY_ISO_ALPHA2_CODE) values (92,'Guam','GU');
Insert into REF_COUNTRY (COUNTRY_ID,COUNTRY_NAME,COUNTRY_ISO_ALPHA2_CODE) values (93,'Guinea-Bissau','GW');
Insert into REF_COUNTRY (COUNTRY_ID,COUNTRY_NAME,COUNTRY_ISO_ALPHA2_CODE) values (94,'Guyana','GY');
Insert into REF_COUNTRY (COUNTRY_ID,COUNTRY_NAME,COUNTRY_ISO_ALPHA2_CODE) values (95,'Hong Kong','HK');
Insert into REF_COUNTRY (COUNTRY_ID,COUNTRY_NAME,COUNTRY_ISO_ALPHA2_CODE) values (96,'Heard Island and McDonald Islands','HM');
Insert into REF_COUNTRY (COUNTRY_ID,COUNTRY_NAME,COUNTRY_ISO_ALPHA2_CODE) values (97,'Honduras','HN');
Insert into REF_COUNTRY (COUNTRY_ID,COUNTRY_NAME,COUNTRY_ISO_ALPHA2_CODE) values (98,'Croatia','HR');
Insert into REF_COUNTRY (COUNTRY_ID,COUNTRY_NAME,COUNTRY_ISO_ALPHA2_CODE) values (99,'Haiti','HT');
Insert into REF_COUNTRY (COUNTRY_ID,COUNTRY_NAME,COUNTRY_ISO_ALPHA2_CODE) values (100,'Hungary','HU');
Insert into REF_COUNTRY (COUNTRY_ID,COUNTRY_NAME,COUNTRY_ISO_ALPHA2_CODE) values (101,'Indonesia','ID');
Insert into REF_COUNTRY (COUNTRY_ID,COUNTRY_NAME,COUNTRY_ISO_ALPHA2_CODE) values (102,'Ireland','IE');
Insert into REF_COUNTRY (COUNTRY_ID,COUNTRY_NAME,COUNTRY_ISO_ALPHA2_CODE) values (103,'Israel','IL');
Insert into REF_COUNTRY (COUNTRY_ID,COUNTRY_NAME,COUNTRY_ISO_ALPHA2_CODE) values (104,'Isle of Man','IM');
Insert into REF_COUNTRY (COUNTRY_ID,COUNTRY_NAME,COUNTRY_ISO_ALPHA2_CODE) values (105,'India','IN');
Insert into REF_COUNTRY (COUNTRY_ID,COUNTRY_NAME,COUNTRY_ISO_ALPHA2_CODE) values (106,'British Indian Ocean Territory','IO');
Insert into REF_COUNTRY (COUNTRY_ID,COUNTRY_NAME,COUNTRY_ISO_ALPHA2_CODE) values (107,'Iraq','IQ');
Insert into REF_COUNTRY (COUNTRY_ID,COUNTRY_NAME,COUNTRY_ISO_ALPHA2_CODE) values (108,'Iran, Islamic Republic of','IR');
Insert into REF_COUNTRY (COUNTRY_ID,COUNTRY_NAME,COUNTRY_ISO_ALPHA2_CODE) values (109,'Iceland','IS');
Insert into REF_COUNTRY (COUNTRY_ID,COUNTRY_NAME,COUNTRY_ISO_ALPHA2_CODE) values (110,'Italy','IT');
Insert into REF_COUNTRY (COUNTRY_ID,COUNTRY_NAME,COUNTRY_ISO_ALPHA2_CODE) values (111,'Jersey','JE');
Insert into REF_COUNTRY (COUNTRY_ID,COUNTRY_NAME,COUNTRY_ISO_ALPHA2_CODE) values (112,'Jamaica','JM');
Insert into REF_COUNTRY (COUNTRY_ID,COUNTRY_NAME,COUNTRY_ISO_ALPHA2_CODE) values (113,'Jordan','JO');
Insert into REF_COUNTRY (COUNTRY_ID,COUNTRY_NAME,COUNTRY_ISO_ALPHA2_CODE) values (114,'Japan','JP');
Insert into REF_COUNTRY (COUNTRY_ID,COUNTRY_NAME,COUNTRY_ISO_ALPHA2_CODE) values (115,'Kenya','KE');
Insert into REF_COUNTRY (COUNTRY_ID,COUNTRY_NAME,COUNTRY_ISO_ALPHA2_CODE) values (116,'Kyrgyzstan','KG');
Insert into REF_COUNTRY (COUNTRY_ID,COUNTRY_NAME,COUNTRY_ISO_ALPHA2_CODE) values (117,'Cambodia','KH');
Insert into REF_COUNTRY (COUNTRY_ID,COUNTRY_NAME,COUNTRY_ISO_ALPHA2_CODE) values (118,'Kiribati','KI');
Insert into REF_COUNTRY (COUNTRY_ID,COUNTRY_NAME,COUNTRY_ISO_ALPHA2_CODE) values (119,'Comoros','KM');
Insert into REF_COUNTRY (COUNTRY_ID,COUNTRY_NAME,COUNTRY_ISO_ALPHA2_CODE) values (120,'Saint Kitts and Nevis','KN');
Insert into REF_COUNTRY (COUNTRY_ID,COUNTRY_NAME,COUNTRY_ISO_ALPHA2_CODE) values (121,'Korea, Democratic People''''s Republic of','KP');
Insert into REF_COUNTRY (COUNTRY_ID,COUNTRY_NAME,COUNTRY_ISO_ALPHA2_CODE) values (122,'Korea, Republic of','KR');
Insert into REF_COUNTRY (COUNTRY_ID,COUNTRY_NAME,COUNTRY_ISO_ALPHA2_CODE) values (123,'Kuwait','KW');
Insert into REF_COUNTRY (COUNTRY_ID,COUNTRY_NAME,COUNTRY_ISO_ALPHA2_CODE) values (124,'Cayman Islands','KY');
Insert into REF_COUNTRY (COUNTRY_ID,COUNTRY_NAME,COUNTRY_ISO_ALPHA2_CODE) values (125,'Kazakhstan','KZ');
Insert into REF_COUNTRY (COUNTRY_ID,COUNTRY_NAME,COUNTRY_ISO_ALPHA2_CODE) values (126,'Lao People''''s Democratic Republic','LA');
Insert into REF_COUNTRY (COUNTRY_ID,COUNTRY_NAME,COUNTRY_ISO_ALPHA2_CODE) values (127,'Lebanon','LB');
Insert into REF_COUNTRY (COUNTRY_ID,COUNTRY_NAME,COUNTRY_ISO_ALPHA2_CODE) values (128,'Saint Lucia','LC');
Insert into REF_COUNTRY (COUNTRY_ID,COUNTRY_NAME,COUNTRY_ISO_ALPHA2_CODE) values (129,'Liechtenstein','LI');
Insert into REF_COUNTRY (COUNTRY_ID,COUNTRY_NAME,COUNTRY_ISO_ALPHA2_CODE) values (130,'Sri Lanka','LK');
Insert into REF_COUNTRY (COUNTRY_ID,COUNTRY_NAME,COUNTRY_ISO_ALPHA2_CODE) values (131,'Liberia','LR');
Insert into REF_COUNTRY (COUNTRY_ID,COUNTRY_NAME,COUNTRY_ISO_ALPHA2_CODE) values (132,'Lesotho','LS');
Insert into REF_COUNTRY (COUNTRY_ID,COUNTRY_NAME,COUNTRY_ISO_ALPHA2_CODE) values (133,'Lithuania','LT');
Insert into REF_COUNTRY (COUNTRY_ID,COUNTRY_NAME,COUNTRY_ISO_ALPHA2_CODE) values (134,'Luxembourg','LU');
Insert into REF_COUNTRY (COUNTRY_ID,COUNTRY_NAME,COUNTRY_ISO_ALPHA2_CODE) values (135,'Latvia','LV');
Insert into REF_COUNTRY (COUNTRY_ID,COUNTRY_NAME,COUNTRY_ISO_ALPHA2_CODE) values (136,'Libyan Arab Jamahiriya','LY');
Insert into REF_COUNTRY (COUNTRY_ID,COUNTRY_NAME,COUNTRY_ISO_ALPHA2_CODE) values (137,'Morocco','MA');
Insert into REF_COUNTRY (COUNTRY_ID,COUNTRY_NAME,COUNTRY_ISO_ALPHA2_CODE) values (138,'Monaco','MC');
Insert into REF_COUNTRY (COUNTRY_ID,COUNTRY_NAME,COUNTRY_ISO_ALPHA2_CODE) values (139,'Moldova, Republic of','MD');
Insert into REF_COUNTRY (COUNTRY_ID,COUNTRY_NAME,COUNTRY_ISO_ALPHA2_CODE) values (140,'Montenegro','ME');
Insert into REF_COUNTRY (COUNTRY_ID,COUNTRY_NAME,COUNTRY_ISO_ALPHA2_CODE) values (141,'Madagascar','MG');
Insert into REF_COUNTRY (COUNTRY_ID,COUNTRY_NAME,COUNTRY_ISO_ALPHA2_CODE) values (142,'Marshall Islands','MH');
Insert into REF_COUNTRY (COUNTRY_ID,COUNTRY_NAME,COUNTRY_ISO_ALPHA2_CODE) values (143,'Macedonia','MK');
Insert into REF_COUNTRY (COUNTRY_ID,COUNTRY_NAME,COUNTRY_ISO_ALPHA2_CODE) values (144,'Mali','ML');
Insert into REF_COUNTRY (COUNTRY_ID,COUNTRY_NAME,COUNTRY_ISO_ALPHA2_CODE) values (145,'Myanmar','MM');
Insert into REF_COUNTRY (COUNTRY_ID,COUNTRY_NAME,COUNTRY_ISO_ALPHA2_CODE) values (146,'Mongolia','MN');
Insert into REF_COUNTRY (COUNTRY_ID,COUNTRY_NAME,COUNTRY_ISO_ALPHA2_CODE) values (147,'Macao','MO');
Insert into REF_COUNTRY (COUNTRY_ID,COUNTRY_NAME,COUNTRY_ISO_ALPHA2_CODE) values (148,'Northern Mariana Islands','MP');
Insert into REF_COUNTRY (COUNTRY_ID,COUNTRY_NAME,COUNTRY_ISO_ALPHA2_CODE) values (149,'Martinique','MQ');
Insert into REF_COUNTRY (COUNTRY_ID,COUNTRY_NAME,COUNTRY_ISO_ALPHA2_CODE) values (150,'Mauritania','MR');
Insert into REF_COUNTRY (COUNTRY_ID,COUNTRY_NAME,COUNTRY_ISO_ALPHA2_CODE) values (151,'Montserrat','MS');
Insert into REF_COUNTRY (COUNTRY_ID,COUNTRY_NAME,COUNTRY_ISO_ALPHA2_CODE) values (152,'Malta','MT');
Insert into REF_COUNTRY (COUNTRY_ID,COUNTRY_NAME,COUNTRY_ISO_ALPHA2_CODE) values (153,'Mauritius','MU');
Insert into REF_COUNTRY (COUNTRY_ID,COUNTRY_NAME,COUNTRY_ISO_ALPHA2_CODE) values (154,'Maldives','MV');
Insert into REF_COUNTRY (COUNTRY_ID,COUNTRY_NAME,COUNTRY_ISO_ALPHA2_CODE) values (155,'Malawi','MW');
Insert into REF_COUNTRY (COUNTRY_ID,COUNTRY_NAME,COUNTRY_ISO_ALPHA2_CODE) values (156,'Mexico','MX');
Insert into REF_COUNTRY (COUNTRY_ID,COUNTRY_NAME,COUNTRY_ISO_ALPHA2_CODE) values (157,'Malaysia','MY');
Insert into REF_COUNTRY (COUNTRY_ID,COUNTRY_NAME,COUNTRY_ISO_ALPHA2_CODE) values (158,'Mozambique','MZ');
Insert into REF_COUNTRY (COUNTRY_ID,COUNTRY_NAME,COUNTRY_ISO_ALPHA2_CODE) values (159,'Namibia','NA');
Insert into REF_COUNTRY (COUNTRY_ID,COUNTRY_NAME,COUNTRY_ISO_ALPHA2_CODE) values (160,'New Caledonia','NC');
Insert into REF_COUNTRY (COUNTRY_ID,COUNTRY_NAME,COUNTRY_ISO_ALPHA2_CODE) values (161,'Niger','NE');
Insert into REF_COUNTRY (COUNTRY_ID,COUNTRY_NAME,COUNTRY_ISO_ALPHA2_CODE) values (162,'Norfolk Island','NF');
Insert into REF_COUNTRY (COUNTRY_ID,COUNTRY_NAME,COUNTRY_ISO_ALPHA2_CODE) values (163,'Nigeria','NG');
Insert into REF_COUNTRY (COUNTRY_ID,COUNTRY_NAME,COUNTRY_ISO_ALPHA2_CODE) values (164,'Nicaragua','NI');
Insert into REF_COUNTRY (COUNTRY_ID,COUNTRY_NAME,COUNTRY_ISO_ALPHA2_CODE) values (165,'Netherlands','NL');
Insert into REF_COUNTRY (COUNTRY_ID,COUNTRY_NAME,COUNTRY_ISO_ALPHA2_CODE) values (166,'Norway','NO');
Insert into REF_COUNTRY (COUNTRY_ID,COUNTRY_NAME,COUNTRY_ISO_ALPHA2_CODE) values (167,'Nepal','NP');
Insert into REF_COUNTRY (COUNTRY_ID,COUNTRY_NAME,COUNTRY_ISO_ALPHA2_CODE) values (168,'Nauru','NR');
Insert into REF_COUNTRY (COUNTRY_ID,COUNTRY_NAME,COUNTRY_ISO_ALPHA2_CODE) values (169,'Niue','NU');
Insert into REF_COUNTRY (COUNTRY_ID,COUNTRY_NAME,COUNTRY_ISO_ALPHA2_CODE) values (170,'New Zealand','NZ');
Insert into REF_COUNTRY (COUNTRY_ID,COUNTRY_NAME,COUNTRY_ISO_ALPHA2_CODE) values (171,'Oman','OM');
Insert into REF_COUNTRY (COUNTRY_ID,COUNTRY_NAME,COUNTRY_ISO_ALPHA2_CODE) values (172,'Panama','PA');
Insert into REF_COUNTRY (COUNTRY_ID,COUNTRY_NAME,COUNTRY_ISO_ALPHA2_CODE) values (173,'Peru','PE');
Insert into REF_COUNTRY (COUNTRY_ID,COUNTRY_NAME,COUNTRY_ISO_ALPHA2_CODE) values (174,'French Polynesia','PF');
Insert into REF_COUNTRY (COUNTRY_ID,COUNTRY_NAME,COUNTRY_ISO_ALPHA2_CODE) values (175,'Papua New Guinea','PG');
Insert into REF_COUNTRY (COUNTRY_ID,COUNTRY_NAME,COUNTRY_ISO_ALPHA2_CODE) values (176,'Philippines','PH');
Insert into REF_COUNTRY (COUNTRY_ID,COUNTRY_NAME,COUNTRY_ISO_ALPHA2_CODE) values (177,'Pakistan','PK');
Insert into REF_COUNTRY (COUNTRY_ID,COUNTRY_NAME,COUNTRY_ISO_ALPHA2_CODE) values (178,'Poland','PL');
Insert into REF_COUNTRY (COUNTRY_ID,COUNTRY_NAME,COUNTRY_ISO_ALPHA2_CODE) values (179,'Saint Pierre and Miquelon','PM');
Insert into REF_COUNTRY (COUNTRY_ID,COUNTRY_NAME,COUNTRY_ISO_ALPHA2_CODE) values (180,'Pitcairn','PN');
Insert into REF_COUNTRY (COUNTRY_ID,COUNTRY_NAME,COUNTRY_ISO_ALPHA2_CODE) values (181,'Puerto Rico','PR');
Insert into REF_COUNTRY (COUNTRY_ID,COUNTRY_NAME,COUNTRY_ISO_ALPHA2_CODE) values (182,'Palestinian Territory','PS');
Insert into REF_COUNTRY (COUNTRY_ID,COUNTRY_NAME,COUNTRY_ISO_ALPHA2_CODE) values (183,'Portugal','PT');
Insert into REF_COUNTRY (COUNTRY_ID,COUNTRY_NAME,COUNTRY_ISO_ALPHA2_CODE) values (184,'Palau','PW');
Insert into REF_COUNTRY (COUNTRY_ID,COUNTRY_NAME,COUNTRY_ISO_ALPHA2_CODE) values (185,'Paraguay','PY');
Insert into REF_COUNTRY (COUNTRY_ID,COUNTRY_NAME,COUNTRY_ISO_ALPHA2_CODE) values (186,'Qatar','QA');
Insert into REF_COUNTRY (COUNTRY_ID,COUNTRY_NAME,COUNTRY_ISO_ALPHA2_CODE) values (187,'Reunion','RE');
Insert into REF_COUNTRY (COUNTRY_ID,COUNTRY_NAME,COUNTRY_ISO_ALPHA2_CODE) values (188,'Romania','RO');
Insert into REF_COUNTRY (COUNTRY_ID,COUNTRY_NAME,COUNTRY_ISO_ALPHA2_CODE) values (189,'Serbia','RS');
Insert into REF_COUNTRY (COUNTRY_ID,COUNTRY_NAME,COUNTRY_ISO_ALPHA2_CODE) values (190,'Russian Federation','RU');
Insert into REF_COUNTRY (COUNTRY_ID,COUNTRY_NAME,COUNTRY_ISO_ALPHA2_CODE) values (191,'Rwanda','RW');
Insert into REF_COUNTRY (COUNTRY_ID,COUNTRY_NAME,COUNTRY_ISO_ALPHA2_CODE) values (192,'Saudi Arabia','SA');
Insert into REF_COUNTRY (COUNTRY_ID,COUNTRY_NAME,COUNTRY_ISO_ALPHA2_CODE) values (193,'Solomon Islands','SB');
Insert into REF_COUNTRY (COUNTRY_ID,COUNTRY_NAME,COUNTRY_ISO_ALPHA2_CODE) values (194,'Seychelles','SC');
Insert into REF_COUNTRY (COUNTRY_ID,COUNTRY_NAME,COUNTRY_ISO_ALPHA2_CODE) values (195,'Sudan','SD');
Insert into REF_COUNTRY (COUNTRY_ID,COUNTRY_NAME,COUNTRY_ISO_ALPHA2_CODE) values (196,'Sweden','SE');
Insert into REF_COUNTRY (COUNTRY_ID,COUNTRY_NAME,COUNTRY_ISO_ALPHA2_CODE) values (197,'Singapore','SG');
Insert into REF_COUNTRY (COUNTRY_ID,COUNTRY_NAME,COUNTRY_ISO_ALPHA2_CODE) values (198,'Saint Helena','SH');
Insert into REF_COUNTRY (COUNTRY_ID,COUNTRY_NAME,COUNTRY_ISO_ALPHA2_CODE) values (199,'Slovenia','SI');
Insert into REF_COUNTRY (COUNTRY_ID,COUNTRY_NAME,COUNTRY_ISO_ALPHA2_CODE) values (200,'Svalbard and Jan Mayen','SJ');
Insert into REF_COUNTRY (COUNTRY_ID,COUNTRY_NAME,COUNTRY_ISO_ALPHA2_CODE) values (201,'Slovakia','SK');
Insert into REF_COUNTRY (COUNTRY_ID,COUNTRY_NAME,COUNTRY_ISO_ALPHA2_CODE) values (202,'Sierra Leone','SL');
Insert into REF_COUNTRY (COUNTRY_ID,COUNTRY_NAME,COUNTRY_ISO_ALPHA2_CODE) values (203,'San Marino','SM');
Insert into REF_COUNTRY (COUNTRY_ID,COUNTRY_NAME,COUNTRY_ISO_ALPHA2_CODE) values (204,'Senegal','SN');
Insert into REF_COUNTRY (COUNTRY_ID,COUNTRY_NAME,COUNTRY_ISO_ALPHA2_CODE) values (205,'Somalia','SO');
Insert into REF_COUNTRY (COUNTRY_ID,COUNTRY_NAME,COUNTRY_ISO_ALPHA2_CODE) values (206,'Suriname','SR');
Insert into REF_COUNTRY (COUNTRY_ID,COUNTRY_NAME,COUNTRY_ISO_ALPHA2_CODE) values (207,'Sao Tome and Principe','ST');
Insert into REF_COUNTRY (COUNTRY_ID,COUNTRY_NAME,COUNTRY_ISO_ALPHA2_CODE) values (208,'El Salvador','SV');
Insert into REF_COUNTRY (COUNTRY_ID,COUNTRY_NAME,COUNTRY_ISO_ALPHA2_CODE) values (209,'Syrian Arab Republic','SY');
Insert into REF_COUNTRY (COUNTRY_ID,COUNTRY_NAME,COUNTRY_ISO_ALPHA2_CODE) values (210,'Swaziland','SZ');
Insert into REF_COUNTRY (COUNTRY_ID,COUNTRY_NAME,COUNTRY_ISO_ALPHA2_CODE) values (211,'Turks and Caicos Islands','TC');
Insert into REF_COUNTRY (COUNTRY_ID,COUNTRY_NAME,COUNTRY_ISO_ALPHA2_CODE) values (212,'Chad','TD');
Insert into REF_COUNTRY (COUNTRY_ID,COUNTRY_NAME,COUNTRY_ISO_ALPHA2_CODE) values (213,'French Southern Territories','TF');
Insert into REF_COUNTRY (COUNTRY_ID,COUNTRY_NAME,COUNTRY_ISO_ALPHA2_CODE) values (214,'Togo','TG');
Insert into REF_COUNTRY (COUNTRY_ID,COUNTRY_NAME,COUNTRY_ISO_ALPHA2_CODE) values (215,'Thailand','TH');
Insert into REF_COUNTRY (COUNTRY_ID,COUNTRY_NAME,COUNTRY_ISO_ALPHA2_CODE) values (216,'Tajikistan','TJ');
Insert into REF_COUNTRY (COUNTRY_ID,COUNTRY_NAME,COUNTRY_ISO_ALPHA2_CODE) values (217,'Tokelau','TK');
Insert into REF_COUNTRY (COUNTRY_ID,COUNTRY_NAME,COUNTRY_ISO_ALPHA2_CODE) values (218,'Timor-Leste','TL');
Insert into REF_COUNTRY (COUNTRY_ID,COUNTRY_NAME,COUNTRY_ISO_ALPHA2_CODE) values (219,'Turkmenistan','TM');
Insert into REF_COUNTRY (COUNTRY_ID,COUNTRY_NAME,COUNTRY_ISO_ALPHA2_CODE) values (220,'Tunisia','TN');
Insert into REF_COUNTRY (COUNTRY_ID,COUNTRY_NAME,COUNTRY_ISO_ALPHA2_CODE) values (221,'Tonga','TO');
Insert into REF_COUNTRY (COUNTRY_ID,COUNTRY_NAME,COUNTRY_ISO_ALPHA2_CODE) values (222,'Turkey','TR');
Insert into REF_COUNTRY (COUNTRY_ID,COUNTRY_NAME,COUNTRY_ISO_ALPHA2_CODE) values (223,'Trinidad and Tobago','TT');
Insert into REF_COUNTRY (COUNTRY_ID,COUNTRY_NAME,COUNTRY_ISO_ALPHA2_CODE) values (224,'Tuvalu','TV');
Insert into REF_COUNTRY (COUNTRY_ID,COUNTRY_NAME,COUNTRY_ISO_ALPHA2_CODE) values (225,'Taiwan','TW');
Insert into REF_COUNTRY (COUNTRY_ID,COUNTRY_NAME,COUNTRY_ISO_ALPHA2_CODE) values (226,'Tanzania, United Republic of','TZ');
Insert into REF_COUNTRY (COUNTRY_ID,COUNTRY_NAME,COUNTRY_ISO_ALPHA2_CODE) values (227,'Ukraine','UA');
Insert into REF_COUNTRY (COUNTRY_ID,COUNTRY_NAME,COUNTRY_ISO_ALPHA2_CODE) values (228,'Uganda','UG');
Insert into REF_COUNTRY (COUNTRY_ID,COUNTRY_NAME,COUNTRY_ISO_ALPHA2_CODE) values (229,'United States Minor Outlying Islands','UM');
Insert into REF_COUNTRY (COUNTRY_ID,COUNTRY_NAME,COUNTRY_ISO_ALPHA2_CODE) values (230,'United States','US');
Insert into REF_COUNTRY (COUNTRY_ID,COUNTRY_NAME,COUNTRY_ISO_ALPHA2_CODE) values (231,'Uruguay','UY');
Insert into REF_COUNTRY (COUNTRY_ID,COUNTRY_NAME,COUNTRY_ISO_ALPHA2_CODE) values (232,'Uzbekistan','UZ');
Insert into REF_COUNTRY (COUNTRY_ID,COUNTRY_NAME,COUNTRY_ISO_ALPHA2_CODE) values (233,'Holy See (Vatican City State)','VA');
Insert into REF_COUNTRY (COUNTRY_ID,COUNTRY_NAME,COUNTRY_ISO_ALPHA2_CODE) values (234,'Saint Vincent and the Grenadines','VC');
Insert into REF_COUNTRY (COUNTRY_ID,COUNTRY_NAME,COUNTRY_ISO_ALPHA2_CODE) values (235,'Venezuela','VE');
Insert into REF_COUNTRY (COUNTRY_ID,COUNTRY_NAME,COUNTRY_ISO_ALPHA2_CODE) values (236,'Virgin Islands - British','VG');
Insert into REF_COUNTRY (COUNTRY_ID,COUNTRY_NAME,COUNTRY_ISO_ALPHA2_CODE) values (237,'Virgin Islands - U.S.','VI');
Insert into REF_COUNTRY (COUNTRY_ID,COUNTRY_NAME,COUNTRY_ISO_ALPHA2_CODE) values (238,'Vietnam','VN');
Insert into REF_COUNTRY (COUNTRY_ID,COUNTRY_NAME,COUNTRY_ISO_ALPHA2_CODE) values (239,'Vanuatu','VU');
Insert into REF_COUNTRY (COUNTRY_ID,COUNTRY_NAME,COUNTRY_ISO_ALPHA2_CODE) values (240,'Wallis and Futuna','WF');
Insert into REF_COUNTRY (COUNTRY_ID,COUNTRY_NAME,COUNTRY_ISO_ALPHA2_CODE) values (241,'Samoa','WS');
Insert into REF_COUNTRY (COUNTRY_ID,COUNTRY_NAME,COUNTRY_ISO_ALPHA2_CODE) values (242,'Yemen','YE');
Insert into REF_COUNTRY (COUNTRY_ID,COUNTRY_NAME,COUNTRY_ISO_ALPHA2_CODE) values (243,'Mayotte','YT');
Insert into REF_COUNTRY (COUNTRY_ID,COUNTRY_NAME,COUNTRY_ISO_ALPHA2_CODE) values (244,'South Africa','ZA');
Insert into REF_COUNTRY (COUNTRY_ID,COUNTRY_NAME,COUNTRY_ISO_ALPHA2_CODE) values (245,'Zambia','ZM');
Insert into REF_COUNTRY (COUNTRY_ID,COUNTRY_NAME,COUNTRY_ISO_ALPHA2_CODE) values (246,'Zimbabwe','ZW');

/* Contact Methods */
REM INSERTING into REF_CONTACT_METHOD
Insert into REF_CONTACT_METHOD (METHOD_ID,METHOD_NAME) values (1,'Address');
Insert into REF_CONTACT_METHOD (METHOD_ID,METHOD_NAME) values (2,'Phone');
Insert into REF_CONTACT_METHOD (METHOD_ID,METHOD_NAME) values (3,'Email');
Insert into REF_CONTACT_METHOD (METHOD_ID,METHOD_NAME) values (4,'Web');
Insert into REF_CONTACT_METHOD (METHOD_ID,METHOD_NAME) values (5,'Fax');

/* Contact Sub-Methods */
REM INSERTING into REF_CONTACT_SUBMETHOD
Insert into REF_CONTACT_SUBMETHOD (SUBMETHOD_ID,SUBMETHOD_NAME,METHOD_ID) values (1,'Home address',1);
Insert into REF_CONTACT_SUBMETHOD (SUBMETHOD_ID,SUBMETHOD_NAME,METHOD_ID) values (2,'Second home address',1);
Insert into REF_CONTACT_SUBMETHOD (SUBMETHOD_ID,SUBMETHOD_NAME,METHOD_ID) values (3,'Previous address',1);
Insert into REF_CONTACT_SUBMETHOD (SUBMETHOD_ID,SUBMETHOD_NAME,METHOD_ID) values (4,'Work address',1);
Insert into REF_CONTACT_SUBMETHOD (SUBMETHOD_ID,SUBMETHOD_NAME,METHOD_ID) values (5,'Business address',1);
Insert into REF_CONTACT_SUBMETHOD (SUBMETHOD_ID,SUBMETHOD_NAME,METHOD_ID) values (100,'Home phone number',2);
Insert into REF_CONTACT_SUBMETHOD (SUBMETHOD_ID,SUBMETHOD_NAME,METHOD_ID) values (101,'Work phone number',2);
Insert into REF_CONTACT_SUBMETHOD (SUBMETHOD_ID,SUBMETHOD_NAME,METHOD_ID) values (102,'Mobile number',2);
Insert into REF_CONTACT_SUBMETHOD (SUBMETHOD_ID,SUBMETHOD_NAME,METHOD_ID) values (200,'Personal email',3);
Insert into REF_CONTACT_SUBMETHOD (SUBMETHOD_ID,SUBMETHOD_NAME,METHOD_ID) values (201,'Work email',3);
Insert into REF_CONTACT_SUBMETHOD (SUBMETHOD_ID,SUBMETHOD_NAME,METHOD_ID) values (202,'Business email',3);
Insert into REF_CONTACT_SUBMETHOD (SUBMETHOD_ID,SUBMETHOD_NAME,METHOD_ID) values (300,'Personal website',4);
Insert into REF_CONTACT_SUBMETHOD (SUBMETHOD_ID,SUBMETHOD_NAME,METHOD_ID) values (301,'Business website',4);
Insert into REF_CONTACT_SUBMETHOD (SUBMETHOD_ID,SUBMETHOD_NAME,METHOD_ID) values (400,'Home fax number',5);
Insert into REF_CONTACT_SUBMETHOD (SUBMETHOD_ID,SUBMETHOD_NAME,METHOD_ID) values (401,'Work fax number',5);
Insert into REF_CONTACT_SUBMETHOD (SUBMETHOD_ID,SUBMETHOD_NAME,METHOD_ID) values (402,'Business fax number',5);

/* Element Relation Types */
REM INSERTING into REF_RELATION_TYPES
Insert into REF_RELATION_TYPES (ELEMENT_RELATION_TYPE_ID,ELEMENT_LABEL,ELEMENT1_TYPE,ELEMENT2_TYPE) values (1,'Organisation-Person','Organisation','Person');
Insert into REF_RELATION_TYPES (ELEMENT_RELATION_TYPE_ID,ELEMENT_LABEL,ELEMENT1_TYPE,ELEMENT2_TYPE) values (2,'Organisation-Account','Organisation','Account');
Insert into REF_RELATION_TYPES (ELEMENT_RELATION_TYPE_ID,ELEMENT_LABEL,ELEMENT1_TYPE,ELEMENT2_TYPE) values (3,'Organisation-BankAccount','Organisation','BankAccount');
Insert into REF_RELATION_TYPES (ELEMENT_RELATION_TYPE_ID,ELEMENT_LABEL,ELEMENT1_TYPE,ELEMENT2_TYPE) values (4,'Organisation-Organisation','Organisation','Organisation');
Insert into REF_RELATION_TYPES (ELEMENT_RELATION_TYPE_ID,ELEMENT_LABEL,ELEMENT1_TYPE,ELEMENT2_TYPE) values (20,'Person-Account','Person','Account');
Insert into REF_RELATION_TYPES (ELEMENT_RELATION_TYPE_ID,ELEMENT_LABEL,ELEMENT1_TYPE,ELEMENT2_TYPE) values (21,'Person-BankAccount','Person','BankAccount');
Insert into REF_RELATION_TYPES (ELEMENT_RELATION_TYPE_ID,ELEMENT_LABEL,ELEMENT1_TYPE,ELEMENT2_TYPE) values (22,'Person-Person','Person','Person');
Insert into REF_RELATION_TYPES (ELEMENT_RELATION_TYPE_ID,ELEMENT_LABEL,ELEMENT1_TYPE,ELEMENT2_TYPE) values (40,'Account-BankAccount','Account','BankAccount');
Insert into REF_RELATION_TYPES (ELEMENT_RELATION_TYPE_ID,ELEMENT_LABEL,ELEMENT1_TYPE,ELEMENT2_TYPE) values (41,'Account-Account','Account','Account');

/* Element Relation Type Names */
REM INSERTING into REF_RELATION_NAMES
Insert into REF_RELATION_NAMES (RELATION_NAME_ID,ELEMENT_RELATION_TYPE_ID,RELATION,SHORT_NAME,IS_SINGLETON) values (1,1,'Correspondent','Corr',1);
Insert into REF_RELATION_NAMES (RELATION_NAME_ID,ELEMENT_RELATION_TYPE_ID,RELATION,SHORT_NAME,IS_SINGLETON) values (2,1,'Authorising Trustee','A.Trst',0);
Insert into REF_RELATION_NAMES (RELATION_NAME_ID,ELEMENT_RELATION_TYPE_ID,RELATION,SHORT_NAME,IS_SINGLETON) values (3,1,'Ordinary Trustee','O.Trst',0);
Insert into REF_RELATION_NAMES (RELATION_NAME_ID,ELEMENT_RELATION_TYPE_ID,RELATION,SHORT_NAME,IS_SINGLETON) values (4,1,'Authorising Signatory','A.Sig',0);
Insert into REF_RELATION_NAMES (RELATION_NAME_ID,ELEMENT_RELATION_TYPE_ID,RELATION,SHORT_NAME,IS_SINGLETON) values (5,1,'Ordinary Signatory','O.Sig',0);
Insert into REF_RELATION_NAMES (RELATION_NAME_ID,ELEMENT_RELATION_TYPE_ID,RELATION,SHORT_NAME,IS_SINGLETON) values (6,1,'Employee','Empl',0);
Insert into REF_RELATION_NAMES (RELATION_NAME_ID,ELEMENT_RELATION_TYPE_ID,RELATION,SHORT_NAME,IS_SINGLETON) values (7,1,'Associate','Assc',0);
Insert into REF_RELATION_NAMES (RELATION_NAME_ID,ELEMENT_RELATION_TYPE_ID,RELATION,SHORT_NAME,IS_SINGLETON) values (8,1,'CRM','CRM',0);
Insert into REF_RELATION_NAMES (RELATION_NAME_ID,ELEMENT_RELATION_TYPE_ID,RELATION,SHORT_NAME,IS_SINGLETON) values (20,2,'Owner','Owner',1);
Insert into REF_RELATION_NAMES (RELATION_NAME_ID,ELEMENT_RELATION_TYPE_ID,RELATION,SHORT_NAME,IS_SINGLETON) values (21,2,'Beneficiary','Benif',1);
Insert into REF_RELATION_NAMES (RELATION_NAME_ID,ELEMENT_RELATION_TYPE_ID,RELATION,SHORT_NAME,IS_SINGLETON) values (40,3,'Owner','Owner',0);
Insert into REF_RELATION_NAMES (RELATION_NAME_ID,ELEMENT_RELATION_TYPE_ID,RELATION,SHORT_NAME,IS_SINGLETON) values (60,4,'Nominee','Nom',0);
Insert into REF_RELATION_NAMES (RELATION_NAME_ID,ELEMENT_RELATION_TYPE_ID,RELATION,SHORT_NAME,IS_SINGLETON) values (80,20,'Correspondent','Corr',1);
Insert into REF_RELATION_NAMES (RELATION_NAME_ID,ELEMENT_RELATION_TYPE_ID,RELATION,SHORT_NAME,IS_SINGLETON) values (81,20,'Authorising Trustee','A.Trst',0);
Insert into REF_RELATION_NAMES (RELATION_NAME_ID,ELEMENT_RELATION_TYPE_ID,RELATION,SHORT_NAME,IS_SINGLETON) values (82,20,'Ordinary Trustee','O.Trst',0);
Insert into REF_RELATION_NAMES (RELATION_NAME_ID,ELEMENT_RELATION_TYPE_ID,RELATION,SHORT_NAME,IS_SINGLETON) values (83,20,'Authorising Signatory','A.Sig',0);
Insert into REF_RELATION_NAMES (RELATION_NAME_ID,ELEMENT_RELATION_TYPE_ID,RELATION,SHORT_NAME,IS_SINGLETON) values (84,20,'Ordinary Signatory','O.Sig',0);
Insert into REF_RELATION_NAMES (RELATION_NAME_ID,ELEMENT_RELATION_TYPE_ID,RELATION,SHORT_NAME,IS_SINGLETON) values (85,20,'Beneficiary','Benif',0);
Insert into REF_RELATION_NAMES (RELATION_NAME_ID,ELEMENT_RELATION_TYPE_ID,RELATION,SHORT_NAME,IS_SINGLETON) values (100,21,'Owner','Owner',0);
Insert into REF_RELATION_NAMES (RELATION_NAME_ID,ELEMENT_RELATION_TYPE_ID,RELATION,SHORT_NAME,IS_SINGLETON) values (101,22,'Employee','Empl',0);
Insert into REF_RELATION_NAMES (RELATION_NAME_ID,ELEMENT_RELATION_TYPE_ID,RELATION,SHORT_NAME,IS_SINGLETON) values (102,22,'Family relation','Fam',0);
Insert into REF_RELATION_NAMES (RELATION_NAME_ID,ELEMENT_RELATION_TYPE_ID,RELATION,SHORT_NAME,IS_SINGLETON) values (120,40,'Withdrawal','With',0);
Insert into REF_RELATION_NAMES (RELATION_NAME_ID,ELEMENT_RELATION_TYPE_ID,RELATION,SHORT_NAME,IS_SINGLETON) values (121,40,'Income','Inc',0);

/* CCLA Account Statuses */
REM INSERTING into REF_ACCOUNT_STATUS
Insert into REF_ACCOUNT_STATUS (ACCOUNT_STATUS_ID,ACCOUNT_STATUS_NAME,SHORT_NAME) values (1,'Open','OPEN');
Insert into REF_ACCOUNT_STATUS (ACCOUNT_STATUS_ID,ACCOUNT_STATUS_NAME,SHORT_NAME) values (2,'Closed','CLOS');
Insert into REF_ACCOUNT_STATUS (ACCOUNT_STATUS_ID,ACCOUNT_STATUS_NAME,SHORT_NAME) values (3,'Frozen','FROZ');
Insert into REF_ACCOUNT_STATUS (ACCOUNT_STATUS_ID,ACCOUNT_STATUS_NAME,SHORT_NAME) values (4,'Pending creation','PEND');

/* Fund statuses */
REM INSERTING into REF_FUND_STATUS
Insert into REF_FUND_STATUS (FUND_STATUS_ID,FUND_STATUS_NAME) values (1,'OPEN');
Insert into REF_FUND_STATUS (FUND_STATUS_ID,FUND_STATUS_NAME) values (2,'CLOSED');
Insert into REF_FUND_STATUS (FUND_STATUS_ID,FUND_STATUS_NAME) values (3,'PENDING');

/* Fund type codes */
REM INSERTING into REF_FUND_TYPECODE
Insert into REF_FUND_TYPECODE (FUND_TYPECODE_ID,FUND_TYPECODE,TYPECODE_DESC) values (1,'UNI','Unitized');
Insert into REF_FUND_TYPECODE (FUND_TYPECODE_ID,FUND_TYPECODE,TYPECODE_DESC) values (2,'DEP','Deposit');

/* Fund income type codes */
REM INSERTING into REF_INCOME_TYPECODE
Insert into REF_INCOME_TYPECODE (INCOME_TYPECODE_ID,INCOME_TYPECODE,INCOMECODE_DESC) values (1,'INC','Income');
Insert into REF_INCOME_TYPECODE (INCOME_TYPECODE_ID,INCOME_TYPECODE,INCOMECODE_DESC) values (2,'ACC','Accumulation');

/* Organisation identifiers */
REM INSERTING into REF_ORG_IDENTIFIERS
Insert into REF_ORG_IDENTIFIERS (ORG_IDENTIFIER_ID,IDENTIFIER_NAME) values ('1','Charity Ref');
Insert into REF_ORG_IDENTIFIERS (ORG_IDENTIFIER_ID,IDENTIFIER_NAME) values ('2','ONS No');
Insert into REF_ORG_IDENTIFIERS (ORG_IDENTIFIER_ID,IDENTIFIER_NAME) values ('3','Company Ref');
Insert into REF_ORG_IDENTIFIERS (ORG_IDENTIFIER_ID,IDENTIFIER_NAME) values ('4','Crockfords');
Insert into REF_ORG_IDENTIFIERS (ORG_IDENTIFIER_ID,IDENTIFIER_NAME) values ('5','HMRC No');

/* Service regular schedule frequencies */
REM INSERTING into REF_REGULAR_SCHEDULE_LIST
Insert into REF_REGULAR_SCHEDULE_LIST (SCHEDULE_LIST_ID,SCHEDULE_NAME) values ('1','Daily');
Insert into REF_REGULAR_SCHEDULE_LIST (SCHEDULE_LIST_ID,SCHEDULE_NAME) values ('2','Weekly');
Insert into REF_REGULAR_SCHEDULE_LIST (SCHEDULE_LIST_ID,SCHEDULE_NAME) values ('3','Monthly');
Insert into REF_REGULAR_SCHEDULE_LIST (SCHEDULE_LIST_ID,SCHEDULE_NAME) values ('4','Quarterly');
Insert into REF_REGULAR_SCHEDULE_LIST (SCHEDULE_LIST_ID,SCHEDULE_NAME) values ('5','Annually');

/* Relation Property Names */
REM INSERTING into REF_RELATION_PROPERTY_NAMES
Insert into REF_RELATION_PROPERTY_NAMES (PROPERTY_ID,PROPERTY_NAME) values (1,'Default');

/* Relation Properties */
REM INSERTING into REF_RELATION_PROPERTY
Insert into REF_RELATION_PROPERTY (PROPERTY_ID,RELATION_NAME_ID) values (1,120);
Insert into REF_RELATION_PROPERTY (PROPERTY_ID,RELATION_NAME_ID) values (1,121);

/* Account Income Distribution Methods */
REM INSERTING into REF_INCOME_DIST_METHOD
Insert into REF_INCOME_DIST_METHOD (IDM_CODE,IDM_NAME) values ('PAYA','Pay Away Income');
Insert into REF_INCOME_DIST_METHOD (IDM_CODE,IDM_NAME) values ('REIN','Re-Invest Dividends');
Insert into REF_INCOME_DIST_METHOD (IDM_CODE,IDM_NAME) values ('RETN','Retain Interest');
Insert into REF_INCOME_DIST_METHOD (IDM_CODE,IDM_NAME) values ('TXRI','Transfer Dividends to Dep Fund');

/* Funds */

REM INSERTING into FUND
Insert into FUND (FUND_CODE,COMPANY_ID,FUND_STATUS_ID,FUND_TYPECODE_ID,INCOME_TYPECODE_ID,FUND_NAME,OPENINGDATE,DISPLAYNAME,CHAPSCODE,FUNDGROUPID,LAST_UPDATED) values ('A','1',1,1,2,'COIF CHARITIES FIXED INTEREST FUND ACCUMULATION UNITS',to_timestamp('30-MAR-90 00.00.00.000000000','DD-MON-RR HH24.MI.SS.FF'),'COIF Charities Fixed Interest Fund',null,null,null);
Insert into FUND (FUND_CODE,COMPANY_ID,FUND_STATUS_ID,FUND_TYPECODE_ID,INCOME_TYPECODE_ID,FUND_NAME,OPENINGDATE,DISPLAYNAME,CHAPSCODE,FUNDGROUPID,LAST_UPDATED) values ('AA','1',1,1,1,'COIF CHARITIES ETHICAL INVESTMENT FUND INCOME UNITS',to_timestamp('11-DEC-09 00.00.00.000000000','DD-MON-RR HH24.MI.SS.FF'),'COIF Charities Ethical Investment Fund Income Units','CIC','CIC',to_timestamp('18-FEB-10 15.34.40.000000000','DD-MON-RR HH24.MI.SS.FF'));
Insert into FUND (FUND_CODE,COMPANY_ID,FUND_STATUS_ID,FUND_TYPECODE_ID,INCOME_TYPECODE_ID,FUND_NAME,OPENINGDATE,DISPLAYNAME,CHAPSCODE,FUNDGROUPID,LAST_UPDATED) values ('AB','1',1,1,2,'COIF CHARITIES ETHICAL INVESTMENT FUND ACCUMULATION UNITS',to_timestamp('11-DEC-09 00.00.00.000000000','DD-MON-RR HH24.MI.SS.FF'),'COIF Charities Ethical Investment Fund Accumulation Units','CIC','CIC',to_timestamp('18-FEB-10 15.34.40.000000000','DD-MON-RR HH24.MI.SS.FF'));
Insert into FUND (FUND_CODE,COMPANY_ID,FUND_STATUS_ID,FUND_TYPECODE_ID,INCOME_TYPECODE_ID,FUND_NAME,OPENINGDATE,DISPLAYNAME,CHAPSCODE,FUNDGROUPID,LAST_UPDATED) values ('B','1',1,1,1,'COIF CHARITIES FIXED INTEREST FUND INCOME UNITS',to_timestamp('31-MAR-90 00.00.00.000000000','DD-MON-RR HH24.MI.SS.FF'),'COIF Charities Fixed Interest Fund',null,null,null);
Insert into FUND (FUND_CODE,COMPANY_ID,FUND_STATUS_ID,FUND_TYPECODE_ID,INCOME_TYPECODE_ID,FUND_NAME,OPENINGDATE,DISPLAYNAME,CHAPSCODE,FUNDGROUPID,LAST_UPDATED) values ('C','1',1,2,1,'COIF CHARITIES DEPOSIT FUND',to_timestamp('01-MAR-90 00.00.00.000000000','DD-MON-RR HH24.MI.SS.FF'),'COIF Charities Deposit Fund','CDF','CDF',to_timestamp('18-FEB-10 15.34.40.000000000','DD-MON-RR HH24.MI.SS.FF'));
Insert into FUND (FUND_CODE,COMPANY_ID,FUND_STATUS_ID,FUND_TYPECODE_ID,INCOME_TYPECODE_ID,FUND_NAME,OPENINGDATE,DISPLAYNAME,CHAPSCODE,FUNDGROUPID,LAST_UPDATED) values ('R','1',1,1,2,'COIF CHARITIES INVESTMENT FUND ACCUMULATION UNITS',to_timestamp('31-MAR-92 00.00.00.000000000','DD-MON-RR HH24.MI.SS.FF'),'COIF Charities Investment Fund',null,null,null);
Insert into FUND (FUND_CODE,COMPANY_ID,FUND_STATUS_ID,FUND_TYPECODE_ID,INCOME_TYPECODE_ID,FUND_NAME,OPENINGDATE,DISPLAYNAME,CHAPSCODE,FUNDGROUPID,LAST_UPDATED) values ('T','1',1,1,1,'COIF CHARITIES INVESTMENT FUND INCOME UNITS',to_timestamp('31-MAR-92 00.00.00.000000000','DD-MON-RR HH24.MI.SS.FF'),'COIF Charities Investment Fund',null,null,null);
Insert into FUND (FUND_CODE,COMPANY_ID,FUND_STATUS_ID,FUND_TYPECODE_ID,INCOME_TYPECODE_ID,FUND_NAME,OPENINGDATE,DISPLAYNAME,CHAPSCODE,FUNDGROUPID,LAST_UPDATED) values ('U','1',1,1,1,'COIF CHARITIES GLOBAL EQUITY INCOME FUND INCOME UNITS',to_timestamp('30-NOV-07 00.00.00.000000000','DD-MON-RR HH24.MI.SS.FF'),'COIF Charities Global Equity Income Fund Income Units','CIC','CIC',to_timestamp('18-FEB-10 15.34.40.000000000','DD-MON-RR HH24.MI.SS.FF'));
Insert into FUND (FUND_CODE,COMPANY_ID,FUND_STATUS_ID,FUND_TYPECODE_ID,INCOME_TYPECODE_ID,FUND_NAME,OPENINGDATE,DISPLAYNAME,CHAPSCODE,FUNDGROUPID,LAST_UPDATED) values ('V','1',1,1,1,'COIF CHARITIES PROPERTY FUND INCOME UNITS',to_timestamp('27-AUG-02 00.00.00.000000000','DD-MON-RR HH24.MI.SS.FF'),'COIF Charities Property Fund',null,null,null);
Insert into FUND (FUND_CODE,COMPANY_ID,FUND_STATUS_ID,FUND_TYPECODE_ID,INCOME_TYPECODE_ID,FUND_NAME,OPENINGDATE,DISPLAYNAME,CHAPSCODE,FUNDGROUPID,LAST_UPDATED) values ('W','1',1,1,2,'COIF CHARITIES PROPERTY FUND ACCUMULATION UNITS',to_timestamp('27-AUG-02 00.00.00.000000000','DD-MON-RR HH24.MI.SS.FF'),'COIF Charities Property Fund',null,null,null);
Insert into FUND (FUND_CODE,COMPANY_ID,FUND_STATUS_ID,FUND_TYPECODE_ID,INCOME_TYPECODE_ID,FUND_NAME,OPENINGDATE,DISPLAYNAME,CHAPSCODE,FUNDGROUPID,LAST_UPDATED) values ('Z','1',1,1,2,'COIF CHARITIES GLOBAL EQUITY INCOME FUND ACCUMULATION UNITS',to_timestamp('30-NOV-07 00.00.00.000000000','DD-MON-RR HH24.MI.SS.FF'),'COIF Charities Global Equity Income Fund Accumulation Units','CIC','CIC',to_timestamp('18-FEB-10 15.34.40.000000000','DD-MON-RR HH24.MI.SS.FF'));
Insert into FUND (FUND_CODE,COMPANY_ID,FUND_STATUS_ID,FUND_TYPECODE_ID,INCOME_TYPECODE_ID,FUND_NAME,OPENINGDATE,DISPLAYNAME,CHAPSCODE,FUNDGROUPID,LAST_UPDATED) values ('D','2',1,2,1,'CBF DEPOSIT FUND',to_timestamp('01-JAN-03 00.00.00.000000000','DD-MON-RR HH24.MI.SS.FF'),'The CBF Church of England Deposit Fund','BDF','BDF',to_timestamp('18-FEB-10 15.34.40.000000000','DD-MON-RR HH24.MI.SS.FF'));
Insert into FUND (FUND_CODE,COMPANY_ID,FUND_STATUS_ID,FUND_TYPECODE_ID,INCOME_TYPECODE_ID,FUND_NAME,OPENINGDATE,DISPLAYNAME,CHAPSCODE,FUNDGROUPID,LAST_UPDATED) values ('F','2',1,1,1,'CBF FIXED INTEREST SECURITIES FUND INCOME SHARES',to_timestamp('01-MAY-90 00.00.00.000000000','DD-MON-RR HH24.MI.SS.FF'),'The CBF Church of England Fixed Interest Securities Fund',null,null,null);
Insert into FUND (FUND_CODE,COMPANY_ID,FUND_STATUS_ID,FUND_TYPECODE_ID,INCOME_TYPECODE_ID,FUND_NAME,OPENINGDATE,DISPLAYNAME,CHAPSCODE,FUNDGROUPID,LAST_UPDATED) values ('J','2',1,1,2,'CBF INVESTMENT FUND ACCUMULATION SHARES',to_timestamp('04-MAR-97 00.00.00.000000000','DD-MON-RR HH24.MI.SS.FF'),'The CBF Church of England Investment Fund',null,null,null);
Insert into FUND (FUND_CODE,COMPANY_ID,FUND_STATUS_ID,FUND_TYPECODE_ID,INCOME_TYPECODE_ID,FUND_NAME,OPENINGDATE,DISPLAYNAME,CHAPSCODE,FUNDGROUPID,LAST_UPDATED) values ('K','2',1,1,2,'CBF FIXED INTEREST SECURITIES FUND ACCUMULATION SHARES',to_timestamp('04-MAR-97 00.00.00.000000000','DD-MON-RR HH24.MI.SS.FF'),'The CBF Church of England Fixed Interest Securities Fund',null,null,null);
Insert into FUND (FUND_CODE,COMPANY_ID,FUND_STATUS_ID,FUND_TYPECODE_ID,INCOME_TYPECODE_ID,FUND_NAME,OPENINGDATE,DISPLAYNAME,CHAPSCODE,FUNDGROUPID,LAST_UPDATED) values ('L','2',1,1,1,'CBF CHURCH OF ENGLAND GLOBAL EQUITY INCOME FUND INCOME SHARES',to_timestamp('27-NOV-07 00.00.00.000000000','DD-MON-RR HH24.MI.SS.FF'),'CBF Church of England Global Equity Income Fund Income Shares','202','202',to_timestamp('18-FEB-10 15.34.40.000000000','DD-MON-RR HH24.MI.SS.FF'));
Insert into FUND (FUND_CODE,COMPANY_ID,FUND_STATUS_ID,FUND_TYPECODE_ID,INCOME_TYPECODE_ID,FUND_NAME,OPENINGDATE,DISPLAYNAME,CHAPSCODE,FUNDGROUPID,LAST_UPDATED) values ('M','2',1,1,2,'CBF CHURCH OF ENGLAND GLOBAL EQUITY INCOME FUND ACCUMULATION SHARES',to_timestamp('27-NOV-07 00.00.00.000000000','DD-MON-RR HH24.MI.SS.FF'),'CBF Church of England Global Equity Income Fund Accumulation Shares','202','202',to_timestamp('18-FEB-10 15.34.40.000000000','DD-MON-RR HH24.MI.SS.FF'));
Insert into FUND (FUND_CODE,COMPANY_ID,FUND_STATUS_ID,FUND_TYPECODE_ID,INCOME_TYPECODE_ID,FUND_NAME,OPENINGDATE,DISPLAYNAME,CHAPSCODE,FUNDGROUPID,LAST_UPDATED) values ('N','2',1,1,2,'CBF PROPERTY FUND ACCUMULATION SHARES',to_timestamp('27-FEB-06 00.00.00.000000000','DD-MON-RR HH24.MI.SS.FF'),'The CBF Church of England Property Fund Accumulation Shares','BPC','BPC',to_timestamp('18-FEB-10 15.34.40.000000000','DD-MON-RR HH24.MI.SS.FF'));
Insert into FUND (FUND_CODE,COMPANY_ID,FUND_STATUS_ID,FUND_TYPECODE_ID,INCOME_TYPECODE_ID,FUND_NAME,OPENINGDATE,DISPLAYNAME,CHAPSCODE,FUNDGROUPID,LAST_UPDATED) values ('P','2',1,1,1,'CBF PROPERTY FUND INCOME SHARES',to_timestamp('26-FEB-99 00.00.00.000000000','DD-MON-RR HH24.MI.SS.FF'),'The CBF Church of England Property Fund Income Shares','BPC','BPC',to_timestamp('18-FEB-10 15.34.40.000000000','DD-MON-RR HH24.MI.SS.FF'));
Insert into FUND (FUND_CODE,COMPANY_ID,FUND_STATUS_ID,FUND_TYPECODE_ID,INCOME_TYPECODE_ID,FUND_NAME,OPENINGDATE,DISPLAYNAME,CHAPSCODE,FUNDGROUPID,LAST_UPDATED) values ('S','2',1,1,1,'CBF INVESTMENT FUND INCOME SHARES',to_timestamp('01-MAY-90 00.00.00.000000000','DD-MON-RR HH24.MI.SS.FF'),'The CBF Church of England Investment Fund',null,null,null);
Insert into FUND (FUND_CODE,COMPANY_ID,FUND_STATUS_ID,FUND_TYPECODE_ID,INCOME_TYPECODE_ID,FUND_NAME,OPENINGDATE,DISPLAYNAME,CHAPSCODE,FUNDGROUPID,LAST_UPDATED) values ('X','2',1,1,1,'CBF CHURCH OF ENGLAND UK EQUITY FUND INCOME SHARES',to_timestamp('02-DEC-04 00.00.00.000000000','DD-MON-RR HH24.MI.SS.FF'),'CBF Church of England UK Equity Fund Income Shares','202','202',to_timestamp('18-FEB-10 15.34.40.000000000','DD-MON-RR HH24.MI.SS.FF'));
Insert into FUND (FUND_CODE,COMPANY_ID,FUND_STATUS_ID,FUND_TYPECODE_ID,INCOME_TYPECODE_ID,FUND_NAME,OPENINGDATE,DISPLAYNAME,CHAPSCODE,FUNDGROUPID,LAST_UPDATED) values ('Y','2',1,1,2,'CBF CHURCH OF ENGLAND UK EQUITY FUND ACCUMULATION SHARES',to_timestamp('02-DEC-04 00.00.00.000000000','DD-MON-RR HH24.MI.SS.FF'),'CBF Church of England UK Equity Fund Accumulation Shares','202','202',to_timestamp('18-FEB-10 15.34.40.000000000','DD-MON-RR HH24.MI.SS.FF'));
Insert into FUND (FUND_CODE,COMPANY_ID,FUND_STATUS_ID,FUND_TYPECODE_ID,INCOME_TYPECODE_ID,FUND_NAME,OPENINGDATE,DISPLAYNAME,CHAPSCODE,FUNDGROUPID,LAST_UPDATED) values ('62','3',1,1,1,'LAMIT PROPERTY FUND',to_timestamp('01-JAN-90 00.00.00.000000000','DD-MON-RR HH24.MI.SS.FF'),'Local Authorities'''' Property Fund','MLP','MLP',to_timestamp('18-FEB-10 15.34.40.000000000','DD-MON-RR HH24.MI.SS.FF'));


/* Org categories */

REM INSERTING into REF_ORG_CATEGORY
Insert into REF_ORG_CATEGORY (CATEGORY_ID,PARENT_CATEGORY_ID,CATEGORY_NAME,UNIQUE_IDENTIFER_TYPE) values (1,null,'Central Government',null);
Insert into REF_ORG_CATEGORY (CATEGORY_ID,PARENT_CATEGORY_ID,CATEGORY_NAME,UNIQUE_IDENTIFER_TYPE) values (2,null,'Local Government',null);
Insert into REF_ORG_CATEGORY (CATEGORY_ID,PARENT_CATEGORY_ID,CATEGORY_NAME,UNIQUE_IDENTIFER_TYPE) values (3,null,'Libraries',null);
Insert into REF_ORG_CATEGORY (CATEGORY_ID,PARENT_CATEGORY_ID,CATEGORY_NAME,UNIQUE_IDENTIFER_TYPE) values (4,null,'UK registered charities (incorporated)',null);
Insert into REF_ORG_CATEGORY (CATEGORY_ID,PARENT_CATEGORY_ID,CATEGORY_NAME,UNIQUE_IDENTIFER_TYPE) values (5,null,'UK unregistered charities/foundations',null);
Insert into REF_ORG_CATEGORY (CATEGORY_ID,PARENT_CATEGORY_ID,CATEGORY_NAME,UNIQUE_IDENTIFER_TYPE) values (6,null,'Armed Forces',null);
Insert into REF_ORG_CATEGORY (CATEGORY_ID,PARENT_CATEGORY_ID,CATEGORY_NAME,UNIQUE_IDENTIFER_TYPE) values (7,null,'Regional Government/Quangos',null);
Insert into REF_ORG_CATEGORY (CATEGORY_ID,PARENT_CATEGORY_ID,CATEGORY_NAME,UNIQUE_IDENTIFER_TYPE) values (8,null,'Criminal Justice',null);
Insert into REF_ORG_CATEGORY (CATEGORY_ID,PARENT_CATEGORY_ID,CATEGORY_NAME,UNIQUE_IDENTIFER_TYPE) values (9,null,'Church of England',null);
Insert into REF_ORG_CATEGORY (CATEGORY_ID,PARENT_CATEGORY_ID,CATEGORY_NAME,UNIQUE_IDENTIFER_TYPE) values (10,null,'Churches excluding CoE and other faith-based organisations',null);
Insert into REF_ORG_CATEGORY (CATEGORY_ID,PARENT_CATEGORY_ID,CATEGORY_NAME,UNIQUE_IDENTIFER_TYPE) values (11,null,'Trusts',null);
Insert into REF_ORG_CATEGORY (CATEGORY_ID,PARENT_CATEGORY_ID,CATEGORY_NAME,UNIQUE_IDENTIFER_TYPE) values (12,null,'Corporates listed on regulated markets',null);
Insert into REF_ORG_CATEGORY (CATEGORY_ID,PARENT_CATEGORY_ID,CATEGORY_NAME,UNIQUE_IDENTIFER_TYPE) values (13,null,'Corporates unlisted or not listed on regulated markets',null);
Insert into REF_ORG_CATEGORY (CATEGORY_ID,PARENT_CATEGORY_ID,CATEGORY_NAME,UNIQUE_IDENTIFER_TYPE) values (14,null,'Unlimited partnerships/unincorporated businesses',null);
Insert into REF_ORG_CATEGORY (CATEGORY_ID,PARENT_CATEGORY_ID,CATEGORY_NAME,UNIQUE_IDENTIFER_TYPE) values (15,null,'UK public sector authorities',null);
Insert into REF_ORG_CATEGORY (CATEGORY_ID,PARENT_CATEGORY_ID,CATEGORY_NAME,UNIQUE_IDENTIFER_TYPE) values (16,null,'Personal Client',null);
Insert into REF_ORG_CATEGORY (CATEGORY_ID,PARENT_CATEGORY_ID,CATEGORY_NAME,UNIQUE_IDENTIFER_TYPE) values (17,null,'National Health Service Bodies',null);
Insert into REF_ORG_CATEGORY (CATEGORY_ID,PARENT_CATEGORY_ID,CATEGORY_NAME,UNIQUE_IDENTIFER_TYPE) values (18,null,'Grant Giving Organisations',null);
Insert into REF_ORG_CATEGORY (CATEGORY_ID,PARENT_CATEGORY_ID,CATEGORY_NAME,UNIQUE_IDENTIFER_TYPE) values (19,null,'Service Delivery Bodies',null);
Insert into REF_ORG_CATEGORY (CATEGORY_ID,PARENT_CATEGORY_ID,CATEGORY_NAME,UNIQUE_IDENTIFER_TYPE) values (20,null,'Regulators',null);
Insert into REF_ORG_CATEGORY (CATEGORY_ID,PARENT_CATEGORY_ID,CATEGORY_NAME,UNIQUE_IDENTIFER_TYPE) values (21,null,'Advisory bodies',null);
Insert into REF_ORG_CATEGORY (CATEGORY_ID,PARENT_CATEGORY_ID,CATEGORY_NAME,UNIQUE_IDENTIFER_TYPE) values (22,null,'Appeals and Tribunals',null);
Insert into REF_ORG_CATEGORY (CATEGORY_ID,PARENT_CATEGORY_ID,CATEGORY_NAME,UNIQUE_IDENTIFER_TYPE) values (23,null,'Church of England Schools',null);
Insert into REF_ORG_CATEGORY (CATEGORY_ID,PARENT_CATEGORY_ID,CATEGORY_NAME,UNIQUE_IDENTIFER_TYPE) values (24,null,'Non CoE Schools/Education/Learning',null);
Insert into REF_ORG_CATEGORY (CATEGORY_ID,PARENT_CATEGORY_ID,CATEGORY_NAME,UNIQUE_IDENTIFER_TYPE) values (25,null,'Primary Care Trusts',null);
Insert into REF_ORG_CATEGORY (CATEGORY_ID,PARENT_CATEGORY_ID,CATEGORY_NAME,UNIQUE_IDENTIFER_TYPE) values (26,null,'Police',null);
Insert into REF_ORG_CATEGORY (CATEGORY_ID,PARENT_CATEGORY_ID,CATEGORY_NAME,UNIQUE_IDENTIFER_TYPE) values (27,null,'Watchdogs',null);
Insert into REF_ORG_CATEGORY (CATEGORY_ID,PARENT_CATEGORY_ID,CATEGORY_NAME,UNIQUE_IDENTIFER_TYPE) values (28,null,'Registration and Licensing Bodies',null);
Insert into REF_ORG_CATEGORY (CATEGORY_ID,PARENT_CATEGORY_ID,CATEGORY_NAME,UNIQUE_IDENTIFER_TYPE) values (29,null,'Committees/Panels/Forums',null);
Insert into REF_ORG_CATEGORY (CATEGORY_ID,PARENT_CATEGORY_ID,CATEGORY_NAME,UNIQUE_IDENTIFER_TYPE) values (30,null,'Galleries/Museums',null);
Insert into REF_ORG_CATEGORY (CATEGORY_ID,PARENT_CATEGORY_ID,CATEGORY_NAME,UNIQUE_IDENTIFER_TYPE) values (31,null,'Standards/Reviews',null);
Insert into REF_ORG_CATEGORY (CATEGORY_ID,PARENT_CATEGORY_ID,CATEGORY_NAME,UNIQUE_IDENTIFER_TYPE) values (32,null,'Cultural/Media',null);
Insert into REF_ORG_CATEGORY (CATEGORY_ID,PARENT_CATEGORY_ID,CATEGORY_NAME,UNIQUE_IDENTIFER_TYPE) values (33,null,'Social Services',null);
Insert into REF_ORG_CATEGORY (CATEGORY_ID,PARENT_CATEGORY_ID,CATEGORY_NAME,UNIQUE_IDENTIFER_TYPE) values (34,null,'Boards',null);
Insert into REF_ORG_CATEGORY (CATEGORY_ID,PARENT_CATEGORY_ID,CATEGORY_NAME,UNIQUE_IDENTIFER_TYPE) values (35,null,'Commissioners',null);
Insert into REF_ORG_CATEGORY (CATEGORY_ID,PARENT_CATEGORY_ID,CATEGORY_NAME,UNIQUE_IDENTIFER_TYPE) values (36,null,'Fire Stations/Sub Stations',null);
Insert into REF_ORG_CATEGORY (CATEGORY_ID,PARENT_CATEGORY_ID,CATEGORY_NAME,UNIQUE_IDENTIFER_TYPE) values (37,1,'Cabinet Office ',null);
Insert into REF_ORG_CATEGORY (CATEGORY_ID,PARENT_CATEGORY_ID,CATEGORY_NAME,UNIQUE_IDENTIFER_TYPE) values (38,1,'Department for Communities and Local Government ',null);
Insert into REF_ORG_CATEGORY (CATEGORY_ID,PARENT_CATEGORY_ID,CATEGORY_NAME,UNIQUE_IDENTIFER_TYPE) values (39,1,'Formerly Office of the Deputy Prime Minister ',null);
Insert into REF_ORG_CATEGORY (CATEGORY_ID,PARENT_CATEGORY_ID,CATEGORY_NAME,UNIQUE_IDENTIFER_TYPE) values (40,1,'Department for Constitutional Affairs ',null);
Insert into REF_ORG_CATEGORY (CATEGORY_ID,PARENT_CATEGORY_ID,CATEGORY_NAME,UNIQUE_IDENTIFER_TYPE) values (41,1,'Department for Culture Media & Sport ',null);
Insert into REF_ORG_CATEGORY (CATEGORY_ID,PARENT_CATEGORY_ID,CATEGORY_NAME,UNIQUE_IDENTIFER_TYPE) values (42,1,'Department for Education and Skills ',null);
Insert into REF_ORG_CATEGORY (CATEGORY_ID,PARENT_CATEGORY_ID,CATEGORY_NAME,UNIQUE_IDENTIFER_TYPE) values (43,1,'Dept for Environment Food & Rural Affairs ',null);
Insert into REF_ORG_CATEGORY (CATEGORY_ID,PARENT_CATEGORY_ID,CATEGORY_NAME,UNIQUE_IDENTIFER_TYPE) values (44,1,'Dept for International Development ',null);
Insert into REF_ORG_CATEGORY (CATEGORY_ID,PARENT_CATEGORY_ID,CATEGORY_NAME,UNIQUE_IDENTIFER_TYPE) values (45,1,'Department for Transport ',null);
Insert into REF_ORG_CATEGORY (CATEGORY_ID,PARENT_CATEGORY_ID,CATEGORY_NAME,UNIQUE_IDENTIFER_TYPE) values (46,1,'Department for Work and Pensions ',null);
Insert into REF_ORG_CATEGORY (CATEGORY_ID,PARENT_CATEGORY_ID,CATEGORY_NAME,UNIQUE_IDENTIFER_TYPE) values (47,1,'Department of Health ',null);
Insert into REF_ORG_CATEGORY (CATEGORY_ID,PARENT_CATEGORY_ID,CATEGORY_NAME,UNIQUE_IDENTIFER_TYPE) values (48,1,'Department of Trade and Industry ',null);
Insert into REF_ORG_CATEGORY (CATEGORY_ID,PARENT_CATEGORY_ID,CATEGORY_NAME,UNIQUE_IDENTIFER_TYPE) values (49,1,'Exports Credits Guarantee Dept ',null);
Insert into REF_ORG_CATEGORY (CATEGORY_ID,PARENT_CATEGORY_ID,CATEGORY_NAME,UNIQUE_IDENTIFER_TYPE) values (50,1,'Foreign & Commonwealth Office ',null);
Insert into REF_ORG_CATEGORY (CATEGORY_ID,PARENT_CATEGORY_ID,CATEGORY_NAME,UNIQUE_IDENTIFER_TYPE) values (51,1,'HM Revenue & Customs ',null);
Insert into REF_ORG_CATEGORY (CATEGORY_ID,PARENT_CATEGORY_ID,CATEGORY_NAME,UNIQUE_IDENTIFER_TYPE) values (52,1,'HM Treasury',null);
Insert into REF_ORG_CATEGORY (CATEGORY_ID,PARENT_CATEGORY_ID,CATEGORY_NAME,UNIQUE_IDENTIFER_TYPE) values (53,1,'Home Office ',null);
Insert into REF_ORG_CATEGORY (CATEGORY_ID,PARENT_CATEGORY_ID,CATEGORY_NAME,UNIQUE_IDENTIFER_TYPE) values (54,1,'House of Lords/House of Commons ',null);
Insert into REF_ORG_CATEGORY (CATEGORY_ID,PARENT_CATEGORY_ID,CATEGORY_NAME,UNIQUE_IDENTIFER_TYPE) values (55,1,'Inland Revenue ',null);
Insert into REF_ORG_CATEGORY (CATEGORY_ID,PARENT_CATEGORY_ID,CATEGORY_NAME,UNIQUE_IDENTIFER_TYPE) values (56,1,'Ministry of Defence ',null);
Insert into REF_ORG_CATEGORY (CATEGORY_ID,PARENT_CATEGORY_ID,CATEGORY_NAME,UNIQUE_IDENTIFER_TYPE) values (57,1,'National Assembly for Wales ',null);
Insert into REF_ORG_CATEGORY (CATEGORY_ID,PARENT_CATEGORY_ID,CATEGORY_NAME,UNIQUE_IDENTIFER_TYPE) values (58,1,'National Health Board ',null);
Insert into REF_ORG_CATEGORY (CATEGORY_ID,PARENT_CATEGORY_ID,CATEGORY_NAME,UNIQUE_IDENTIFER_TYPE) values (59,1,'Non-Ministerial Body ',null);
Insert into REF_ORG_CATEGORY (CATEGORY_ID,PARENT_CATEGORY_ID,CATEGORY_NAME,UNIQUE_IDENTIFER_TYPE) values (60,1,'Northern Ireland Office ',null);
Insert into REF_ORG_CATEGORY (CATEGORY_ID,PARENT_CATEGORY_ID,CATEGORY_NAME,UNIQUE_IDENTIFER_TYPE) values (61,1,'Office for National Statistics ',null);
Insert into REF_ORG_CATEGORY (CATEGORY_ID,PARENT_CATEGORY_ID,CATEGORY_NAME,UNIQUE_IDENTIFER_TYPE) values (62,1,'Offshore Island Council ',null);
Insert into REF_ORG_CATEGORY (CATEGORY_ID,PARENT_CATEGORY_ID,CATEGORY_NAME,UNIQUE_IDENTIFER_TYPE) values (63,1,'Political/Parliamentary Organisations ',null);
Insert into REF_ORG_CATEGORY (CATEGORY_ID,PARENT_CATEGORY_ID,CATEGORY_NAME,UNIQUE_IDENTIFER_TYPE) values (64,1,'Prime Minister''''s Office ',null);
Insert into REF_ORG_CATEGORY (CATEGORY_ID,PARENT_CATEGORY_ID,CATEGORY_NAME,UNIQUE_IDENTIFER_TYPE) values (65,1,'Regulators and Ombudsmen ',null);
Insert into REF_ORG_CATEGORY (CATEGORY_ID,PARENT_CATEGORY_ID,CATEGORY_NAME,UNIQUE_IDENTIFER_TYPE) values (66,1,'Research Council ',null);
Insert into REF_ORG_CATEGORY (CATEGORY_ID,PARENT_CATEGORY_ID,CATEGORY_NAME,UNIQUE_IDENTIFER_TYPE) values (67,1,'Scottish Courts Administration ',null);
Insert into REF_ORG_CATEGORY (CATEGORY_ID,PARENT_CATEGORY_ID,CATEGORY_NAME,UNIQUE_IDENTIFER_TYPE) values (68,1,'Scottish Executive ',null);
Insert into REF_ORG_CATEGORY (CATEGORY_ID,PARENT_CATEGORY_ID,CATEGORY_NAME,UNIQUE_IDENTIFER_TYPE) values (69,1,'Treasury Solicitor/Procurator General ',null);
Insert into REF_ORG_CATEGORY (CATEGORY_ID,PARENT_CATEGORY_ID,CATEGORY_NAME,UNIQUE_IDENTIFER_TYPE) values (70,2,'County Council',null);
Insert into REF_ORG_CATEGORY (CATEGORY_ID,PARENT_CATEGORY_ID,CATEGORY_NAME,UNIQUE_IDENTIFER_TYPE) values (71,2,'District Council (Northern Ireland) ',null);
Insert into REF_ORG_CATEGORY (CATEGORY_ID,PARENT_CATEGORY_ID,CATEGORY_NAME,UNIQUE_IDENTIFER_TYPE) values (72,2,'Parish Council',null);
Insert into REF_ORG_CATEGORY (CATEGORY_ID,PARENT_CATEGORY_ID,CATEGORY_NAME,UNIQUE_IDENTIFER_TYPE) values (73,2,'Metropolitan Council',null);
Insert into REF_ORG_CATEGORY (CATEGORY_ID,PARENT_CATEGORY_ID,CATEGORY_NAME,UNIQUE_IDENTIFER_TYPE) values (74,2,'Borough Council',null);
Insert into REF_ORG_CATEGORY (CATEGORY_ID,PARENT_CATEGORY_ID,CATEGORY_NAME,UNIQUE_IDENTIFER_TYPE) values (75,2,'English County Council ',null);
Insert into REF_ORG_CATEGORY (CATEGORY_ID,PARENT_CATEGORY_ID,CATEGORY_NAME,UNIQUE_IDENTIFER_TYPE) values (76,2,'English Non-Metropolitan District ',null);
Insert into REF_ORG_CATEGORY (CATEGORY_ID,PARENT_CATEGORY_ID,CATEGORY_NAME,UNIQUE_IDENTIFER_TYPE) values (77,2,'English Unitary Authority ',null);
Insert into REF_ORG_CATEGORY (CATEGORY_ID,PARENT_CATEGORY_ID,CATEGORY_NAME,UNIQUE_IDENTIFER_TYPE) values (78,2,'Fire Authority ',null);
Insert into REF_ORG_CATEGORY (CATEGORY_ID,PARENT_CATEGORY_ID,CATEGORY_NAME,UNIQUE_IDENTIFER_TYPE) values (79,2,'Greater London Authority ',null);
Insert into REF_ORG_CATEGORY (CATEGORY_ID,PARENT_CATEGORY_ID,CATEGORY_NAME,UNIQUE_IDENTIFER_TYPE) values (80,2,'Islands Council (Scotland) ',null);
Insert into REF_ORG_CATEGORY (CATEGORY_ID,PARENT_CATEGORY_ID,CATEGORY_NAME,UNIQUE_IDENTIFER_TYPE) values (81,2,'LA Purchasing Organisation ',null);
Insert into REF_ORG_CATEGORY (CATEGORY_ID,PARENT_CATEGORY_ID,CATEGORY_NAME,UNIQUE_IDENTIFER_TYPE) values (82,2,'Leisure Trust ',null);
Insert into REF_ORG_CATEGORY (CATEGORY_ID,PARENT_CATEGORY_ID,CATEGORY_NAME,UNIQUE_IDENTIFER_TYPE) values (83,2,'Local Authority Association ',null);
Insert into REF_ORG_CATEGORY (CATEGORY_ID,PARENT_CATEGORY_ID,CATEGORY_NAME,UNIQUE_IDENTIFER_TYPE) values (84,2,'London Borough ',null);
Insert into REF_ORG_CATEGORY (CATEGORY_ID,PARENT_CATEGORY_ID,CATEGORY_NAME,UNIQUE_IDENTIFER_TYPE) values (85,2,'Metropolitan Council (England) ',null);
Insert into REF_ORG_CATEGORY (CATEGORY_ID,PARENT_CATEGORY_ID,CATEGORY_NAME,UNIQUE_IDENTIFER_TYPE) values (86,2,'National Park Authority ',null);
Insert into REF_ORG_CATEGORY (CATEGORY_ID,PARENT_CATEGORY_ID,CATEGORY_NAME,UNIQUE_IDENTIFER_TYPE) values (87,2,'NI Housing Executive ',null);
Insert into REF_ORG_CATEGORY (CATEGORY_ID,PARENT_CATEGORY_ID,CATEGORY_NAME,UNIQUE_IDENTIFER_TYPE) values (88,2,'Offshore Island Council ',null);
Insert into REF_ORG_CATEGORY (CATEGORY_ID,PARENT_CATEGORY_ID,CATEGORY_NAME,UNIQUE_IDENTIFER_TYPE) values (89,2,'Passenger Transport Authority ',null);
Insert into REF_ORG_CATEGORY (CATEGORY_ID,PARENT_CATEGORY_ID,CATEGORY_NAME,UNIQUE_IDENTIFER_TYPE) values (90,2,'Police Authority ',null);
Insert into REF_ORG_CATEGORY (CATEGORY_ID,PARENT_CATEGORY_ID,CATEGORY_NAME,UNIQUE_IDENTIFER_TYPE) values (91,2,'Scottish Unitary Authority ',null);
Insert into REF_ORG_CATEGORY (CATEGORY_ID,PARENT_CATEGORY_ID,CATEGORY_NAME,UNIQUE_IDENTIFER_TYPE) values (92,2,'Welsh Unitary Authority',null);
Insert into REF_ORG_CATEGORY (CATEGORY_ID,PARENT_CATEGORY_ID,CATEGORY_NAME,UNIQUE_IDENTIFER_TYPE) values (93,7,'Business Connect ',null);
Insert into REF_ORG_CATEGORY (CATEGORY_ID,PARENT_CATEGORY_ID,CATEGORY_NAME,UNIQUE_IDENTIFER_TYPE) values (94,7,'Business Link ',null);
Insert into REF_ORG_CATEGORY (CATEGORY_ID,PARENT_CATEGORY_ID,CATEGORY_NAME,UNIQUE_IDENTIFER_TYPE) values (95,7,'Chamber of Commerce ',null);
Insert into REF_ORG_CATEGORY (CATEGORY_ID,PARENT_CATEGORY_ID,CATEGORY_NAME,UNIQUE_IDENTIFER_TYPE) values (96,7,'Connexions ',null);
Insert into REF_ORG_CATEGORY (CATEGORY_ID,PARENT_CATEGORY_ID,CATEGORY_NAME,UNIQUE_IDENTIFER_TYPE) values (97,7,'Enterprise Agency ',null);
Insert into REF_ORG_CATEGORY (CATEGORY_ID,PARENT_CATEGORY_ID,CATEGORY_NAME,UNIQUE_IDENTIFER_TYPE) values (98,7,'Enterprise Agency/Trust ',null);
Insert into REF_ORG_CATEGORY (CATEGORY_ID,PARENT_CATEGORY_ID,CATEGORY_NAME,UNIQUE_IDENTIFER_TYPE) values (99,7,'Euro Info Centre ',null);
Insert into REF_ORG_CATEGORY (CATEGORY_ID,PARENT_CATEGORY_ID,CATEGORY_NAME,UNIQUE_IDENTIFER_TYPE) values (100,7,'Jobcentre ',null);
Insert into REF_ORG_CATEGORY (CATEGORY_ID,PARENT_CATEGORY_ID,CATEGORY_NAME,UNIQUE_IDENTIFER_TYPE) values (101,7,'Jobcentre Plus ',null);
Insert into REF_ORG_CATEGORY (CATEGORY_ID,PARENT_CATEGORY_ID,CATEGORY_NAME,UNIQUE_IDENTIFER_TYPE) values (102,7,'Learning and Skills Council ',null);
Insert into REF_ORG_CATEGORY (CATEGORY_ID,PARENT_CATEGORY_ID,CATEGORY_NAME,UNIQUE_IDENTIFER_TYPE) values (103,7,'Local Enterprise Company ',null);
Insert into REF_ORG_CATEGORY (CATEGORY_ID,PARENT_CATEGORY_ID,CATEGORY_NAME,UNIQUE_IDENTIFER_TYPE) values (104,7,'NI Education & Library Board ',null);
Insert into REF_ORG_CATEGORY (CATEGORY_ID,PARENT_CATEGORY_ID,CATEGORY_NAME,UNIQUE_IDENTIFER_TYPE) values (105,7,'Regional Assembly ',null);
Insert into REF_ORG_CATEGORY (CATEGORY_ID,PARENT_CATEGORY_ID,CATEGORY_NAME,UNIQUE_IDENTIFER_TYPE) values (106,7,'Regional Development Agency ',null);
Insert into REF_ORG_CATEGORY (CATEGORY_ID,PARENT_CATEGORY_ID,CATEGORY_NAME,UNIQUE_IDENTIFER_TYPE) values (107,7,'Regional Observatory ',null);
Insert into REF_ORG_CATEGORY (CATEGORY_ID,PARENT_CATEGORY_ID,CATEGORY_NAME,UNIQUE_IDENTIFER_TYPE) values (108,7,'Social Security Office ',null);
Insert into REF_ORG_CATEGORY (CATEGORY_ID,PARENT_CATEGORY_ID,CATEGORY_NAME,UNIQUE_IDENTIFER_TYPE) values (109,8,'County/Crown Court ',null);
Insert into REF_ORG_CATEGORY (CATEGORY_ID,PARENT_CATEGORY_ID,CATEGORY_NAME,UNIQUE_IDENTIFER_TYPE) values (110,8,'Crown Prosecution Service ',null);
Insert into REF_ORG_CATEGORY (CATEGORY_ID,PARENT_CATEGORY_ID,CATEGORY_NAME,UNIQUE_IDENTIFER_TYPE) values (111,8,'District Court',null);
Insert into REF_ORG_CATEGORY (CATEGORY_ID,PARENT_CATEGORY_ID,CATEGORY_NAME,UNIQUE_IDENTIFER_TYPE) values (112,8,'Magistrates Court ',null);
Insert into REF_ORG_CATEGORY (CATEGORY_ID,PARENT_CATEGORY_ID,CATEGORY_NAME,UNIQUE_IDENTIFER_TYPE) values (113,8,'Petty Sessions ',null);
Insert into REF_ORG_CATEGORY (CATEGORY_ID,PARENT_CATEGORY_ID,CATEGORY_NAME,UNIQUE_IDENTIFER_TYPE) values (114,8,'Prison ',null);
Insert into REF_ORG_CATEGORY (CATEGORY_ID,PARENT_CATEGORY_ID,CATEGORY_NAME,UNIQUE_IDENTIFER_TYPE) values (115,8,'Probation Service ',null);
Insert into REF_ORG_CATEGORY (CATEGORY_ID,PARENT_CATEGORY_ID,CATEGORY_NAME,UNIQUE_IDENTIFER_TYPE) values (116,8,'Sheriff Court ',null);




