// Missing activities
INSERT INTO REF_CAMPAIGN_ACTIVITY_TYPE (CAMPAIGN_ACTIVITY_TYPE_ID, CAMPAIGN_ACTIVITY_NAME,CAMPAIGN_ACTIVITY_DESCRIPTION) VALUES (100012, 'FORM DISPATCHED', 'form dispatched');
INSERT INTO REF_CAMPAIGN_ACTIVITY_TYPE (CAMPAIGN_ACTIVITY_TYPE_ID, CAMPAIGN_ACTIVITY_NAME,CAMPAIGN_ACTIVITY_DESCRIPTION) VALUES (100013, 'ISSUE WITH RETURN FORM', 'Issue with returned form');
INSERT INTO REF_CAMPAIGN_ACTIVITY_TYPE (CAMPAIGN_ACTIVITY_TYPE_ID, CAMPAIGN_ACTIVITY_NAME,CAMPAIGN_ACTIVITY_DESCRIPTION) VALUES (100014, 'REGENERATE FORM', 'Regenerate form');

// New campaign actions for LA and non LA forms
Insert into REF_CAMPAIGN_ENROLMENT_ACTION (ENROLMENT_ACTION_ID,ENROLMENT_ACTION_NAME,ENROLMENT_ACTION_DESCRIPTION) values (22,'Generate L.A Form','Generate Local Authority Form');
Insert into REF_CAMPAIGN_ENROLMENT_ACTION (ENROLMENT_ACTION_ID,ENROLMENT_ACTION_NAME,ENROLMENT_ACTION_DESCRIPTION) values (23,'Generate Non L.A Form','Generate Non Local Authority Form');
Insert into REF_CAMPAIGN_ENROLMENT_ACTION (ENROLMENT_ACTION_ID,ENROLMENT_ACTION_NAME,ENROLMENT_ACTION_DESCRIPTION) values (24,'Regenerate L.A Form','Regenerate Local Authority Form');
Insert into REF_CAMPAIGN_ENROLMENT_ACTION (ENROLMENT_ACTION_ID,ENROLMENT_ACTION_NAME,ENROLMENT_ACTION_DESCRIPTION) values (25,'Regenerate Non L.A Form','Regenerate Non Local Authority Form');

// Generate LA forms
Insert into ENROLMENT_STATUS_ACTION_APPL (CAMPAIGN_ID,ENROLMENT_STATUS_ID,ENROLMENT_ACTION_ID) values (10,1,22);
Insert into ENROLMENT_STATUS_ACTION_APPL (CAMPAIGN_ID,ENROLMENT_STATUS_ID,ENROLMENT_ACTION_ID) values (10,8,22);
Insert into ENROLMENT_STATUS_ACTION_APPL (CAMPAIGN_ID,ENROLMENT_STATUS_ID,ENROLMENT_ACTION_ID) values (10,5,22);
Insert into ENROLMENT_STATUS_ACTION_APPL (CAMPAIGN_ID,ENROLMENT_STATUS_ID,ENROLMENT_ACTION_ID) values (10,2,22);
Insert into ENROLMENT_STATUS_ACTION_APPL (CAMPAIGN_ID,ENROLMENT_STATUS_ID,ENROLMENT_ACTION_ID) values (10,17,22);
Insert into ENROLMENT_STATUS_ACTION_APPL (CAMPAIGN_ID,ENROLMENT_STATUS_ID,ENROLMENT_ACTION_ID) values (10,10,22);
Insert into ENROLMENT_STATUS_ACTION_APPL (CAMPAIGN_ID,ENROLMENT_STATUS_ID,ENROLMENT_ACTION_ID) values (10,13,22);
Insert into ENROLMENT_STATUS_ACTION_APPL (CAMPAIGN_ID,ENROLMENT_STATUS_ID,ENROLMENT_ACTION_ID) values (10,15,22);

// Generate non LA forms
Insert into ENROLMENT_STATUS_ACTION_APPL (CAMPAIGN_ID,ENROLMENT_STATUS_ID,ENROLMENT_ACTION_ID) values (10,1,23);
Insert into ENROLMENT_STATUS_ACTION_APPL (CAMPAIGN_ID,ENROLMENT_STATUS_ID,ENROLMENT_ACTION_ID) values (10,8,23);
Insert into ENROLMENT_STATUS_ACTION_APPL (CAMPAIGN_ID,ENROLMENT_STATUS_ID,ENROLMENT_ACTION_ID) values (10,5,23);
Insert into ENROLMENT_STATUS_ACTION_APPL (CAMPAIGN_ID,ENROLMENT_STATUS_ID,ENROLMENT_ACTION_ID) values (10,2,23);
Insert into ENROLMENT_STATUS_ACTION_APPL (CAMPAIGN_ID,ENROLMENT_STATUS_ID,ENROLMENT_ACTION_ID) values (10,17,23);
Insert into ENROLMENT_STATUS_ACTION_APPL (CAMPAIGN_ID,ENROLMENT_STATUS_ID,ENROLMENT_ACTION_ID) values (10,10,23);
Insert into ENROLMENT_STATUS_ACTION_APPL (CAMPAIGN_ID,ENROLMENT_STATUS_ID,ENROLMENT_ACTION_ID) values (10,13,23);
Insert into ENROLMENT_STATUS_ACTION_APPL (CAMPAIGN_ID,ENROLMENT_STATUS_ID,ENROLMENT_ACTION_ID) values (10,15,23);

// Regenerate non LA and LA forms
Insert into ENROLMENT_STATUS_ACTION_APPL (CAMPAIGN_ID,ENROLMENT_STATUS_ID,ENROLMENT_ACTION_ID) values (10,15,24);
Insert into ENROLMENT_STATUS_ACTION_APPL (CAMPAIGN_ID,ENROLMENT_STATUS_ID,ENROLMENT_ACTION_ID) values (10,15,25);