-- Data Load for new Campaign tables
-- ---------------------------------

REM INSERTING into REF_CAMPAIGN_STATUS
Insert into REF_CAMPAIGN_STATUS (CAMPAIGN_STATUS_ID,CAMPAIGN_STATUS_NAME,STATUS_DESCRIPTION) values (1,'Active',null);
Insert into REF_CAMPAIGN_STATUS (CAMPAIGN_STATUS_ID,CAMPAIGN_STATUS_NAME,STATUS_DESCRIPTION) values (2,'Completed',null);

REM INSERTING into REF_CAMPAIGN_ENROLMENT_STATUS
Insert into REF_CAMPAIGN_ENROLMENT_STATUS (ENROLMENT_STATUS_ID,ENROLMENT_STATUS_NAME,STATUS_DESCRIPTION) values (1,'Enrolled',null);
Insert into REF_CAMPAIGN_ENROLMENT_STATUS (ENROLMENT_STATUS_ID,ENROLMENT_STATUS_NAME,STATUS_DESCRIPTION) values (2,'Excluded',null);
Insert into REF_CAMPAIGN_ENROLMENT_STATUS (ENROLMENT_STATUS_ID,ENROLMENT_STATUS_NAME,STATUS_DESCRIPTION) values (3,'Interested',null);
Insert into REF_CAMPAIGN_ENROLMENT_STATUS (ENROLMENT_STATUS_ID,ENROLMENT_STATUS_NAME,STATUS_DESCRIPTION) values (4,'Not interested',null);
Insert into REF_CAMPAIGN_ENROLMENT_STATUS (ENROLMENT_STATUS_ID,ENROLMENT_STATUS_NAME,STATUS_DESCRIPTION) values (5,'No response',null);
Insert into REF_CAMPAIGN_ENROLMENT_STATUS (ENROLMENT_STATUS_ID,ENROLMENT_STATUS_NAME,STATUS_DESCRIPTION) values (6,'Undecided',null);
Insert into REF_CAMPAIGN_ENROLMENT_STATUS (ENROLMENT_STATUS_ID,ENROLMENT_STATUS_NAME,STATUS_DESCRIPTION) values (7,'Awaiting eligibility',null);
Insert into REF_CAMPAIGN_ENROLMENT_STATUS (ENROLMENT_STATUS_ID,ENROLMENT_STATUS_NAME,STATUS_DESCRIPTION) values (8,'Ineligible for campaign',null);
Insert into REF_CAMPAIGN_ENROLMENT_STATUS (ENROLMENT_STATUS_ID,ENROLMENT_STATUS_NAME,STATUS_DESCRIPTION) values (9,'Intentions confirmed',null);
Insert into REF_CAMPAIGN_ENROLMENT_STATUS (ENROLMENT_STATUS_ID,ENROLMENT_STATUS_NAME,STATUS_DESCRIPTION) values (10,'Forms generated',null);
Insert into REF_CAMPAIGN_ENROLMENT_STATUS (ENROLMENT_STATUS_ID,ENROLMENT_STATUS_NAME,STATUS_DESCRIPTION) values (11,'Forms printed',null);
Insert into REF_CAMPAIGN_ENROLMENT_STATUS (ENROLMENT_STATUS_ID,ENROLMENT_STATUS_NAME,STATUS_DESCRIPTION) values (12,'Forms dispatched',null);
Insert into REF_CAMPAIGN_ENROLMENT_STATUS (ENROLMENT_STATUS_ID,ENROLMENT_STATUS_NAME,STATUS_DESCRIPTION) values (13,'Forms returned',null);
Insert into REF_CAMPAIGN_ENROLMENT_STATUS (ENROLMENT_STATUS_ID,ENROLMENT_STATUS_NAME,STATUS_DESCRIPTION) values (14,'Completed',null);
Insert into REF_CAMPAIGN_ENROLMENT_STATUS (ENROLMENT_STATUS_ID,ENROLMENT_STATUS_NAME,STATUS_DESCRIPTION) values (15,'Issues with returned form',null);
Insert into REF_CAMPAIGN_ENROLMENT_STATUS (ENROLMENT_STATUS_ID,ENROLMENT_STATUS_NAME,STATUS_DESCRIPTION) values (16,'Intentions not confirmed',null);
Insert into REF_CAMPAIGN_ENROLMENT_STATUS (ENROLMENT_STATUS_ID,ENROLMENT_STATUS_NAME,STATUS_DESCRIPTION) values (17,'Awaiting response',null);

REM INSERTING into REF_CAMPAIGN_ENROLMENT_ACTION
Insert into REF_CAMPAIGN_ENROLMENT_ACTION (ENROLMENT_ACTION_ID,ENROLMENT_ACTION_NAME,ENROLMENT_ACTION_DESCRIPTION) values (1,'Enroll','Enrolls the client/person to the campaign');
Insert into REF_CAMPAIGN_ENROLMENT_ACTION (ENROLMENT_ACTION_ID,ENROLMENT_ACTION_NAME,ENROLMENT_ACTION_DESCRIPTION) values (2,'Exclude','Excludes the client/person from the campaign');
Insert into REF_CAMPAIGN_ENROLMENT_ACTION (ENROLMENT_ACTION_ID,ENROLMENT_ACTION_NAME,ENROLMENT_ACTION_DESCRIPTION) values (3,'Mark as Interested',null);
Insert into REF_CAMPAIGN_ENROLMENT_ACTION (ENROLMENT_ACTION_ID,ENROLMENT_ACTION_NAME,ENROLMENT_ACTION_DESCRIPTION) values (4,'Mark as Not Interested',null);
Insert into REF_CAMPAIGN_ENROLMENT_ACTION (ENROLMENT_ACTION_ID,ENROLMENT_ACTION_NAME,ENROLMENT_ACTION_DESCRIPTION) values (5,'Mark as Undecided',null);
Insert into REF_CAMPAIGN_ENROLMENT_ACTION (ENROLMENT_ACTION_ID,ENROLMENT_ACTION_NAME,ENROLMENT_ACTION_DESCRIPTION) values (6,'Mark as No Response',null);
Insert into REF_CAMPAIGN_ENROLMENT_ACTION (ENROLMENT_ACTION_ID,ENROLMENT_ACTION_NAME,ENROLMENT_ACTION_DESCRIPTION) values (7,'Mark as Awaiting Eligibility',null);
Insert into REF_CAMPAIGN_ENROLMENT_ACTION (ENROLMENT_ACTION_ID,ENROLMENT_ACTION_NAME,ENROLMENT_ACTION_DESCRIPTION) values (8,'Mark as Ineligible',null);
Insert into REF_CAMPAIGN_ENROLMENT_ACTION (ENROLMENT_ACTION_ID,ENROLMENT_ACTION_NAME,ENROLMENT_ACTION_DESCRIPTION) values (9,'Mark as Intentions Confirmed',null);
Insert into REF_CAMPAIGN_ENROLMENT_ACTION (ENROLMENT_ACTION_ID,ENROLMENT_ACTION_NAME,ENROLMENT_ACTION_DESCRIPTION) values (10,'Generate forms','Creates the electronic forms');
Insert into REF_CAMPAIGN_ENROLMENT_ACTION (ENROLMENT_ACTION_ID,ENROLMENT_ACTION_NAME,ENROLMENT_ACTION_DESCRIPTION) values (11,'Print forms','Prints a copy of the latest forms');
Insert into REF_CAMPAIGN_ENROLMENT_ACTION (ENROLMENT_ACTION_ID,ENROLMENT_ACTION_NAME,ENROLMENT_ACTION_DESCRIPTION) values (12,'Generate and print forms','Creates and prints the electronic forms');
Insert into REF_CAMPAIGN_ENROLMENT_ACTION (ENROLMENT_ACTION_ID,ENROLMENT_ACTION_NAME,ENROLMENT_ACTION_DESCRIPTION) values (13,'Regenerate forms',null);
Insert into REF_CAMPAIGN_ENROLMENT_ACTION (ENROLMENT_ACTION_ID,ENROLMENT_ACTION_NAME,ENROLMENT_ACTION_DESCRIPTION) values (14,'Reprint forms',null);
Insert into REF_CAMPAIGN_ENROLMENT_ACTION (ENROLMENT_ACTION_ID,ENROLMENT_ACTION_NAME,ENROLMENT_ACTION_DESCRIPTION) values (15,'Regenerate and print forms',null);
Insert into REF_CAMPAIGN_ENROLMENT_ACTION (ENROLMENT_ACTION_ID,ENROLMENT_ACTION_NAME,ENROLMENT_ACTION_DESCRIPTION) values (16,'Forms dispatched','Forms have been mailed to correspondent');
Insert into REF_CAMPAIGN_ENROLMENT_ACTION (ENROLMENT_ACTION_ID,ENROLMENT_ACTION_NAME,ENROLMENT_ACTION_DESCRIPTION) values (17,'Forms returned',null);
Insert into REF_CAMPAIGN_ENROLMENT_ACTION (ENROLMENT_ACTION_ID,ENROLMENT_ACTION_NAME,ENROLMENT_ACTION_DESCRIPTION) values (18,'Mark as Completed',null);
Insert into REF_CAMPAIGN_ENROLMENT_ACTION (ENROLMENT_ACTION_ID,ENROLMENT_ACTION_NAME,ENROLMENT_ACTION_DESCRIPTION) values (19,'Issue with returned forms',null);
Insert into REF_CAMPAIGN_ENROLMENT_ACTION (ENROLMENT_ACTION_ID,ENROLMENT_ACTION_NAME,ENROLMENT_ACTION_DESCRIPTION) values (20,'Awaiting more information',null);
Insert into REF_CAMPAIGN_ENROLMENT_ACTION (ENROLMENT_ACTION_ID,ENROLMENT_ACTION_NAME,ENROLMENT_ACTION_DESCRIPTION) values (21,'Intentions Not Confirmed','Investment intentions have been collected but not confirmed');

/* The PSDF Reg. campaign. */
REM INSERTING into CAMPAIGN
Insert into CAMPAIGN (CAMPAIGN_ID,CAMPAIGN_NAME,CAMPAIGN_DESCRIPTION,CAMPAIGN_OWNER,ENROLMENT_START_DATE,ENROLMENT_END_DATE,CAMPAIGN_START_DATE,CAMPAIGN_END_DATE,CAMPAIGN_STATUS_ID,PROCESS_HANDLER_CLASS,IDOC_INCLUDE_INFIX,DATE_ADDED,LAST_UPDATED,LAST_UPDATED_BY,DEFAULT_ENROLMENT_STATUS_ID) values (10,'PSDF Registration','Launch of the new Public Sector Deposit Fund. Used to record interest of client base (negative and positive) and printing of Fund Enrolment forms','sysadmin',to_timestamp('03-MAY-11 16.10.10.703000000','DD-MON-RR HH24.MI.SS.FF'),to_timestamp('26-MAY-11 16.10.17.641000000','DD-MON-RR HH24.MI.SS.FF'),to_timestamp('03-MAY-11 16.10.26.616000000','DD-MON-RR HH24.MI.SS.FF'),to_timestamp('01-JAN-11 16.10.28.231000000','DD-MON-RR HH24.MI.SS.FF'),1,'com.ecs.stellent.ccla.clientservices.campaign.PSDFEnrolmentHandler','psdf_reg',to_timestamp('03-MAY-11 16.11.22.177000000','DD-MON-RR HH24.MI.SS.FF'),to_timestamp('03-MAY-11 16.11.26.890000000','DD-MON-RR HH24.MI.SS.FF'),'sysadmin',1);


-- New relation properties
REM INSERTING into REF_PROPERTY
Insert into REF_PROPERTY (PROPERTY_ID,PROPERTY_NAME,VERIFICATION_SOURCE_ID,SET_BY_USER,PROPERTY_TYPE,IS_SINGLETON) values (8,'Verified by Charity Commission',2,1,'BOOL',0);
Insert into REF_PROPERTY (PROPERTY_ID,PROPERTY_NAME,VERIFICATION_SOURCE_ID,SET_BY_USER,PROPERTY_TYPE,IS_SINGLETON) values (9,'Verified by Diocese Directory',7,1,'BOOL',0);
Insert into REF_PROPERTY (PROPERTY_ID,PROPERTY_NAME,VERIFICATION_SOURCE_ID,SET_BY_USER,PROPERTY_TYPE,IS_SINGLETON) values (10,'Verified by HMRC',3,1,'BOOL',0);

-- Map new properties to Auth Person relation
REM INSERTING into REF_RELATION_PROPERTY
Insert into REF_RELATION_PROPERTY (RELATION_PROPERTY_ID,RELATION_NAME_ID,PROPERTY_ID) values (20,2,8);
Insert into REF_RELATION_PROPERTY (RELATION_PROPERTY_ID,RELATION_NAME_ID,PROPERTY_ID) values (21,2,9);
Insert into REF_RELATION_PROPERTY (RELATION_PROPERTY_ID,RELATION_NAME_ID,PROPERTY_ID) values (22,2,10);

-- Verified by FSA Attribute
REM INSERTING into REF_ELEMENT_ATTRIBUTES
Insert into REF_ELEMENT_ATTRIBUTES (ELEMENT_ATTRIBUTE_ID,ELEMENT_ATTRIBUTE_NAME,ELEMENT_TYPE_ID,ELEMENT_ATTRIBUTE_DESCRIPTION,SET_BY_USER,VERIFICATION_SOURCE_ID,ELEMENT_IDENTIFIER_ID,USER_GROUPS) values (29,'Verified by FSA',1,'Verified by FSA, used for Nominee clients',1,8,null,null);

-- Form Types (may require instruction data load first)
REM INSERTING into REF_FORM_TYPE
Insert into REF_FORM_TYPE (FORM_TYPE_ID,FORM_TYPE_NAME,GEN_INSTRUCTION_TYPE_ID,RET_INSTRUCTION_TYPE_ID,FORM_HANDLER_CLASS) values (1,'PSDF Application Form (Non-LA)',8,8,'com.ecs.stellent.ccla.clientservices.form.PSDFRegistrationFormHandler');
Insert into REF_FORM_TYPE (FORM_TYPE_ID,FORM_TYPE_NAME,GEN_INSTRUCTION_TYPE_ID,RET_INSTRUCTION_TYPE_ID,FORM_HANDLER_CLASS) values (2,'PSDF Application Form (LA)',8,8,'com.ecs.stellent.ccla.clientservices.form.PSDFRegistrationFormHandler');

-- Form statuses
REM INSERTING into REF_FORM_STATUS
Insert into REF_FORM_STATUS (FORM_STATUS_ID,FORM_STATUS_NAME,FORM_STATUS_DESCRIPTION) values (1,'New','New form. Spool file not yet generated, printed etc.');
Insert into REF_FORM_STATUS (FORM_STATUS_ID,FORM_STATUS_NAME,FORM_STATUS_DESCRIPTION) values (2,'Generated','Spool file has been created');
Insert into REF_FORM_STATUS (FORM_STATUS_ID,FORM_STATUS_NAME,FORM_STATUS_DESCRIPTION) values (3,'Uploaded','Generated PDF has been uploaded');
Insert into REF_FORM_STATUS (FORM_STATUS_ID,FORM_STATUS_NAME,FORM_STATUS_DESCRIPTION) values (4,'Printed','Generated PDF has been printed');
Insert into REF_FORM_STATUS (FORM_STATUS_ID,FORM_STATUS_NAME,FORM_STATUS_DESCRIPTION) values (5,'Dispatched','Generated PDF has been dispatched i.e. posted or emailed');
Insert into REF_FORM_STATUS (FORM_STATUS_ID,FORM_STATUS_NAME,FORM_STATUS_DESCRIPTION) values (6,'Returned','Form has been returned by the client/person');

-- Campaign Activity Type
INSERT INTO REF_CAMPAIGN_ACTIVITY_TYPE (CAMPAIGN_ACTIVITY_TYPE_ID, CAMPAIGN_ACTIVITY_NAME,CAMPAIGN_ACTIVITY_DESCRIPTION) VALUES (100000, 'ENROLMENT', 'Campaign Enrolment');
INSERT INTO REF_CAMPAIGN_ACTIVITY_TYPE (CAMPAIGN_ACTIVITY_TYPE_ID, CAMPAIGN_ACTIVITY_NAME,CAMPAIGN_ACTIVITY_DESCRIPTION) VALUES (100001, 'EXCLUSION', 'Campaign Exclusion');
INSERT INTO REF_CAMPAIGN_ACTIVITY_TYPE (CAMPAIGN_ACTIVITY_TYPE_ID, CAMPAIGN_ACTIVITY_NAME,CAMPAIGN_ACTIVITY_DESCRIPTION) VALUES (100002, 'NOTE', 'Note');
INSERT INTO REF_CAMPAIGN_ACTIVITY_TYPE (CAMPAIGN_ACTIVITY_TYPE_ID, CAMPAIGN_ACTIVITY_NAME,CAMPAIGN_ACTIVITY_DESCRIPTION) VALUES (100003, 'STATUS UPDATE', 'Status Change');
INSERT INTO REF_CAMPAIGN_ACTIVITY_TYPE (CAMPAIGN_ACTIVITY_TYPE_ID, CAMPAIGN_ACTIVITY_NAME,CAMPAIGN_ACTIVITY_DESCRIPTION) VALUES (100004, 'ACCOUNT CREATION', 'Account Created');
INSERT INTO REF_CAMPAIGN_ACTIVITY_TYPE (CAMPAIGN_ACTIVITY_TYPE_ID, CAMPAIGN_ACTIVITY_NAME,CAMPAIGN_ACTIVITY_DESCRIPTION) VALUES (100005, 'ADD INTENTION', 'Intention added');
INSERT INTO REF_CAMPAIGN_ACTIVITY_TYPE (CAMPAIGN_ACTIVITY_TYPE_ID, CAMPAIGN_ACTIVITY_NAME,CAMPAIGN_ACTIVITY_DESCRIPTION) VALUES (100006, 'UPDATE INTENTION', 'Intention updated');
INSERT INTO REF_CAMPAIGN_ACTIVITY_TYPE (CAMPAIGN_ACTIVITY_TYPE_ID, CAMPAIGN_ACTIVITY_NAME,CAMPAIGN_ACTIVITY_DESCRIPTION) VALUES (100007, 'REMOVE INTENTION', 'Intention removed');
INSERT INTO REF_CAMPAIGN_ACTIVITY_TYPE (CAMPAIGN_ACTIVITY_TYPE_ID, CAMPAIGN_ACTIVITY_NAME,CAMPAIGN_ACTIVITY_DESCRIPTION) VALUES (100008, 'FORM CREATION', 'Form created');
INSERT INTO REF_CAMPAIGN_ACTIVITY_TYPE (CAMPAIGN_ACTIVITY_TYPE_ID, CAMPAIGN_ACTIVITY_NAME,CAMPAIGN_ACTIVITY_DESCRIPTION) VALUES (100009, 'FORM PRINTED', 'Form printed');
INSERT INTO REF_CAMPAIGN_ACTIVITY_TYPE (CAMPAIGN_ACTIVITY_TYPE_ID, CAMPAIGN_ACTIVITY_NAME,CAMPAIGN_ACTIVITY_DESCRIPTION) VALUES (100010, 'FORM RETURNED', 'Form returned');
INSERT INTO REF_CAMPAIGN_ACTIVITY_TYPE (CAMPAIGN_ACTIVITY_TYPE_ID, CAMPAIGN_ACTIVITY_NAME,CAMPAIGN_ACTIVITY_DESCRIPTION) VALUES (100011, 'CORRESPONDENT DETAILS UPDATED', 'Correspondant details updated');

REM INSERTING into ENROLMENT_STATUS_ACTION_APPL
Insert into ENROLMENT_STATUS_ACTION_APPL (CAMPAIGN_ID,ENROLMENT_STATUS_ID,ENROLMENT_ACTION_ID) values (10,1,8);
Insert into ENROLMENT_STATUS_ACTION_APPL (CAMPAIGN_ID,ENROLMENT_STATUS_ID,ENROLMENT_ACTION_ID) values (10,1,6);
Insert into ENROLMENT_STATUS_ACTION_APPL (CAMPAIGN_ID,ENROLMENT_STATUS_ID,ENROLMENT_ACTION_ID) values (10,1,2);
Insert into ENROLMENT_STATUS_ACTION_APPL (CAMPAIGN_ID,ENROLMENT_STATUS_ID,ENROLMENT_ACTION_ID) values (10,1,20);
Insert into ENROLMENT_STATUS_ACTION_APPL (CAMPAIGN_ID,ENROLMENT_STATUS_ID,ENROLMENT_ACTION_ID) values (10,1,10);
Insert into ENROLMENT_STATUS_ACTION_APPL (CAMPAIGN_ID,ENROLMENT_STATUS_ID,ENROLMENT_ACTION_ID) values (10,8,6);
Insert into ENROLMENT_STATUS_ACTION_APPL (CAMPAIGN_ID,ENROLMENT_STATUS_ID,ENROLMENT_ACTION_ID) values (10,8,2);
Insert into ENROLMENT_STATUS_ACTION_APPL (CAMPAIGN_ID,ENROLMENT_STATUS_ID,ENROLMENT_ACTION_ID) values (10,8,20);
Insert into ENROLMENT_STATUS_ACTION_APPL (CAMPAIGN_ID,ENROLMENT_STATUS_ID,ENROLMENT_ACTION_ID) values (10,8,1);
Insert into ENROLMENT_STATUS_ACTION_APPL (CAMPAIGN_ID,ENROLMENT_STATUS_ID,ENROLMENT_ACTION_ID) values (10,8,10);
Insert into ENROLMENT_STATUS_ACTION_APPL (CAMPAIGN_ID,ENROLMENT_STATUS_ID,ENROLMENT_ACTION_ID) values (10,5,8);
Insert into ENROLMENT_STATUS_ACTION_APPL (CAMPAIGN_ID,ENROLMENT_STATUS_ID,ENROLMENT_ACTION_ID) values (10,5,2);
Insert into ENROLMENT_STATUS_ACTION_APPL (CAMPAIGN_ID,ENROLMENT_STATUS_ID,ENROLMENT_ACTION_ID) values (10,5,20);
Insert into ENROLMENT_STATUS_ACTION_APPL (CAMPAIGN_ID,ENROLMENT_STATUS_ID,ENROLMENT_ACTION_ID) values (10,5,1);
Insert into ENROLMENT_STATUS_ACTION_APPL (CAMPAIGN_ID,ENROLMENT_STATUS_ID,ENROLMENT_ACTION_ID) values (10,5,10);
Insert into ENROLMENT_STATUS_ACTION_APPL (CAMPAIGN_ID,ENROLMENT_STATUS_ID,ENROLMENT_ACTION_ID) values (10,2,8);
Insert into ENROLMENT_STATUS_ACTION_APPL (CAMPAIGN_ID,ENROLMENT_STATUS_ID,ENROLMENT_ACTION_ID) values (10,2,6);
Insert into ENROLMENT_STATUS_ACTION_APPL (CAMPAIGN_ID,ENROLMENT_STATUS_ID,ENROLMENT_ACTION_ID) values (10,2,20);
Insert into ENROLMENT_STATUS_ACTION_APPL (CAMPAIGN_ID,ENROLMENT_STATUS_ID,ENROLMENT_ACTION_ID) values (10,2,1);
Insert into ENROLMENT_STATUS_ACTION_APPL (CAMPAIGN_ID,ENROLMENT_STATUS_ID,ENROLMENT_ACTION_ID) values (10,2,10);
Insert into ENROLMENT_STATUS_ACTION_APPL (CAMPAIGN_ID,ENROLMENT_STATUS_ID,ENROLMENT_ACTION_ID) values (10,17,8);
Insert into ENROLMENT_STATUS_ACTION_APPL (CAMPAIGN_ID,ENROLMENT_STATUS_ID,ENROLMENT_ACTION_ID) values (10,17,6);
Insert into ENROLMENT_STATUS_ACTION_APPL (CAMPAIGN_ID,ENROLMENT_STATUS_ID,ENROLMENT_ACTION_ID) values (10,17,2);
Insert into ENROLMENT_STATUS_ACTION_APPL (CAMPAIGN_ID,ENROLMENT_STATUS_ID,ENROLMENT_ACTION_ID) values (10,17,1);
Insert into ENROLMENT_STATUS_ACTION_APPL (CAMPAIGN_ID,ENROLMENT_STATUS_ID,ENROLMENT_ACTION_ID) values (10,17,10);
Insert into ENROLMENT_STATUS_ACTION_APPL (CAMPAIGN_ID,ENROLMENT_STATUS_ID,ENROLMENT_ACTION_ID) values (10,10,8);
Insert into ENROLMENT_STATUS_ACTION_APPL (CAMPAIGN_ID,ENROLMENT_STATUS_ID,ENROLMENT_ACTION_ID) values (10,10,6);
Insert into ENROLMENT_STATUS_ACTION_APPL (CAMPAIGN_ID,ENROLMENT_STATUS_ID,ENROLMENT_ACTION_ID) values (10,10,2);
Insert into ENROLMENT_STATUS_ACTION_APPL (CAMPAIGN_ID,ENROLMENT_STATUS_ID,ENROLMENT_ACTION_ID) values (10,10,20);
Insert into ENROLMENT_STATUS_ACTION_APPL (CAMPAIGN_ID,ENROLMENT_STATUS_ID,ENROLMENT_ACTION_ID) values (10,10,1);
Insert into ENROLMENT_STATUS_ACTION_APPL (CAMPAIGN_ID,ENROLMENT_STATUS_ID,ENROLMENT_ACTION_ID) values (10,10,10);
Insert into ENROLMENT_STATUS_ACTION_APPL (CAMPAIGN_ID,ENROLMENT_STATUS_ID,ENROLMENT_ACTION_ID) values (10,10,16);
Insert into ENROLMENT_STATUS_ACTION_APPL (CAMPAIGN_ID,ENROLMENT_STATUS_ID,ENROLMENT_ACTION_ID) values (10,12,8);
Insert into ENROLMENT_STATUS_ACTION_APPL (CAMPAIGN_ID,ENROLMENT_STATUS_ID,ENROLMENT_ACTION_ID) values (10,12,6);
Insert into ENROLMENT_STATUS_ACTION_APPL (CAMPAIGN_ID,ENROLMENT_STATUS_ID,ENROLMENT_ACTION_ID) values (10,12,2);
Insert into ENROLMENT_STATUS_ACTION_APPL (CAMPAIGN_ID,ENROLMENT_STATUS_ID,ENROLMENT_ACTION_ID) values (10,12,20);
Insert into ENROLMENT_STATUS_ACTION_APPL (CAMPAIGN_ID,ENROLMENT_STATUS_ID,ENROLMENT_ACTION_ID) values (10,12,1);
Insert into ENROLMENT_STATUS_ACTION_APPL (CAMPAIGN_ID,ENROLMENT_STATUS_ID,ENROLMENT_ACTION_ID) values (10,12,10);
Insert into ENROLMENT_STATUS_ACTION_APPL (CAMPAIGN_ID,ENROLMENT_STATUS_ID,ENROLMENT_ACTION_ID) values (10,12,17);
Insert into ENROLMENT_STATUS_ACTION_APPL (CAMPAIGN_ID,ENROLMENT_STATUS_ID,ENROLMENT_ACTION_ID) values (10,13,8);
Insert into ENROLMENT_STATUS_ACTION_APPL (CAMPAIGN_ID,ENROLMENT_STATUS_ID,ENROLMENT_ACTION_ID) values (10,13,6);
Insert into ENROLMENT_STATUS_ACTION_APPL (CAMPAIGN_ID,ENROLMENT_STATUS_ID,ENROLMENT_ACTION_ID) values (10,13,2);
Insert into ENROLMENT_STATUS_ACTION_APPL (CAMPAIGN_ID,ENROLMENT_STATUS_ID,ENROLMENT_ACTION_ID) values (10,13,20);
Insert into ENROLMENT_STATUS_ACTION_APPL (CAMPAIGN_ID,ENROLMENT_STATUS_ID,ENROLMENT_ACTION_ID) values (10,13,1);
Insert into ENROLMENT_STATUS_ACTION_APPL (CAMPAIGN_ID,ENROLMENT_STATUS_ID,ENROLMENT_ACTION_ID) values (10,13,10);
Insert into ENROLMENT_STATUS_ACTION_APPL (CAMPAIGN_ID,ENROLMENT_STATUS_ID,ENROLMENT_ACTION_ID) values (10,13,18);
Insert into ENROLMENT_STATUS_ACTION_APPL (CAMPAIGN_ID,ENROLMENT_STATUS_ID,ENROLMENT_ACTION_ID) values (10,13,19);
Insert into ENROLMENT_STATUS_ACTION_APPL (CAMPAIGN_ID,ENROLMENT_STATUS_ID,ENROLMENT_ACTION_ID) values (10,15,8);
Insert into ENROLMENT_STATUS_ACTION_APPL (CAMPAIGN_ID,ENROLMENT_STATUS_ID,ENROLMENT_ACTION_ID) values (10,15,6);
Insert into ENROLMENT_STATUS_ACTION_APPL (CAMPAIGN_ID,ENROLMENT_STATUS_ID,ENROLMENT_ACTION_ID) values (10,15,2);
Insert into ENROLMENT_STATUS_ACTION_APPL (CAMPAIGN_ID,ENROLMENT_STATUS_ID,ENROLMENT_ACTION_ID) values (10,15,20);
Insert into ENROLMENT_STATUS_ACTION_APPL (CAMPAIGN_ID,ENROLMENT_STATUS_ID,ENROLMENT_ACTION_ID) values (10,15,1);
Insert into ENROLMENT_STATUS_ACTION_APPL (CAMPAIGN_ID,ENROLMENT_STATUS_ID,ENROLMENT_ACTION_ID) values (10,15,10);
Insert into ENROLMENT_STATUS_ACTION_APPL (CAMPAIGN_ID,ENROLMENT_STATUS_ID,ENROLMENT_ACTION_ID) values (10,15,13);

REM INSERTING into REF_ACCOUNT_STATUS
Insert into REF_ACCOUNT_STATUS (ACCOUNT_STATUS_ID,ACCOUNT_STATUS_NAME,SHORT_NAME) values (5,'Template only','TEMP');
