
/*     SECTION C151 OFFICER RELATIONSHIP                                */
Insert into REF_RELATION_NAMES (RELATION_NAME_ID,RELATION_TYPE_ID,RELATION,SHORT_NAME,IS_SINGLETON) values (11,1,'C151 Section Officer','C151',0);

/* 		EMPLOYEE RELATIONSHIP											*/
Insert into REF_RELATION_NAMES (RELATION_NAME_ID,RELATION_TYPE_ID,RELATION,SHORT_NAME,IS_SINGLETON) values (12,1,'Employee','Empl',0);

/* CCLA Verification Source */
REM INSERTING into REF_VERIFICATION_SOURCE
Insert into REF_VERIFICATION_SOURCE (VERIFICATION_SOURCE_ID,VER_SOURCE_NAME,VER_SOURCE_DESCRIPTION,SUPPORTING_DOC_REQUIRED,IS_OVERRIDE) values (14,'CCLA','Verified by CCLA',0,0);

/* OSCAR data source */
Insert into REF_DATA_SOURCE (DATA_SOURCE_ID,DATA_SOURCE_NAME) values (7,'OSCAR');

/*     ELEMENT_ATTRIBUTES  */  

Insert into REF_ELEMENT_ATTRIBUTES (ELEMENT_ATTRIBUTE_ID,ELEMENT_ATTRIBUTE_NAME,ELEMENT_TYPE_ID,ELEMENT_ATTRIBUTE_DESCRIPTION,SET_BY_USER,VERIFICATION_SOURCE_ID,ELEMENT_IDENTIFIER_ID,USER_GROUPS) values (13,'No. of Employees',1,'Number of employees in organisation',1,null,null,null);
Insert into REF_ELEMENT_ATTRIBUTES (ELEMENT_ATTRIBUTE_ID,ELEMENT_ATTRIBUTE_NAME,ELEMENT_TYPE_ID,ELEMENT_ATTRIBUTE_DESCRIPTION,SET_BY_USER,VERIFICATION_SOURCE_ID,ELEMENT_IDENTIFIER_ID,USER_GROUPS) values (14,'Population Served',1,null,1,null,null,null);
Insert into REF_ELEMENT_ATTRIBUTES (ELEMENT_ATTRIBUTE_ID,ELEMENT_ATTRIBUTE_NAME,ELEMENT_TYPE_ID,ELEMENT_ATTRIBUTE_DESCRIPTION,SET_BY_USER,VERIFICATION_SOURCE_ID,ELEMENT_IDENTIFIER_ID,USER_GROUPS) values (15,'Council Control',1,null,1,null,null,null);
Insert into REF_ELEMENT_ATTRIBUTES (ELEMENT_ATTRIBUTE_ID,ELEMENT_ATTRIBUTE_NAME,ELEMENT_TYPE_ID,ELEMENT_ATTRIBUTE_DESCRIPTION,SET_BY_USER,VERIFICATION_SOURCE_ID,ELEMENT_IDENTIFIER_ID,USER_GROUPS) values (16,'Council Change',1,null,1,null,null,null);
Insert into REF_ELEMENT_ATTRIBUTES (ELEMENT_ATTRIBUTE_ID,ELEMENT_ATTRIBUTE_NAME,ELEMENT_TYPE_ID,ELEMENT_ATTRIBUTE_DESCRIPTION,SET_BY_USER,VERIFICATION_SOURCE_ID,ELEMENT_IDENTIFIER_ID,USER_GROUPS) values (17,'Number of Seats',1,null,1,null,null,null);
Insert into REF_ELEMENT_ATTRIBUTES (ELEMENT_ATTRIBUTE_ID,ELEMENT_ATTRIBUTE_NAME,ELEMENT_TYPE_ID,ELEMENT_ATTRIBUTE_DESCRIPTION,SET_BY_USER,VERIFICATION_SOURCE_ID,ELEMENT_IDENTIFIER_ID,USER_GROUPS) values (18,'PSDF Seed Funder',1,'Organisation was a PSDF seed funder',1,null,null,null);
Insert into REF_ELEMENT_ATTRIBUTES (ELEMENT_ATTRIBUTE_ID,ELEMENT_ATTRIBUTE_NAME,ELEMENT_TYPE_ID,ELEMENT_ATTRIBUTE_DESCRIPTION,SET_BY_USER,VERIFICATION_SOURCE_ID,ELEMENT_IDENTIFIER_ID,USER_GROUPS) values (19,'In House Treasury',1,null,1,null,null,null);
Insert into REF_ELEMENT_ATTRIBUTES (ELEMENT_ATTRIBUTE_ID,ELEMENT_ATTRIBUTE_NAME,ELEMENT_TYPE_ID,ELEMENT_ATTRIBUTE_DESCRIPTION,SET_BY_USER,VERIFICATION_SOURCE_ID,ELEMENT_IDENTIFIER_ID,USER_GROUPS) values (20,'Restriction on agencies',1,'Is there a restrictions on the number of agencies rating the fund?',1,null,null,null);
Insert into REF_ELEMENT_ATTRIBUTES (ELEMENT_ATTRIBUTE_ID,ELEMENT_ATTRIBUTE_NAME,ELEMENT_TYPE_ID,ELEMENT_ATTRIBUTE_DESCRIPTION,SET_BY_USER,VERIFICATION_SOURCE_ID,ELEMENT_IDENTIFIER_ID,USER_GROUPS) values (21,'Cash Holding (£million)',1,null,1,null,null,null);
Insert into REF_ELEMENT_ATTRIBUTES (ELEMENT_ATTRIBUTE_ID,ELEMENT_ATTRIBUTE_NAME,ELEMENT_TYPE_ID,ELEMENT_ATTRIBUTE_DESCRIPTION,SET_BY_USER,VERIFICATION_SOURCE_ID,ELEMENT_IDENTIFIER_ID,USER_GROUPS) values (22,'Can invest in MMF',1,null,1,null,null,null);
Insert into REF_ELEMENT_ATTRIBUTES (ELEMENT_ATTRIBUTE_ID,ELEMENT_ATTRIBUTE_NAME,ELEMENT_TYPE_ID,ELEMENT_ATTRIBUTE_DESCRIPTION,SET_BY_USER,VERIFICATION_SOURCE_ID,ELEMENT_IDENTIFIER_ID,USER_GROUPS) values (23,'MMF Limit (£million)',1,null,1,null,null,null);
Insert into REF_ELEMENT_ATTRIBUTES (ELEMENT_ATTRIBUTE_ID,ELEMENT_ATTRIBUTE_NAME,ELEMENT_TYPE_ID,ELEMENT_ATTRIBUTE_DESCRIPTION,SET_BY_USER,VERIFICATION_SOURCE_ID,ELEMENT_IDENTIFIER_ID,USER_GROUPS) values (24,'Treasury Mgmt Strategy Paper',1,'Copy of Treasury Mgmt Strategy Paper',1,null,null,null);
Insert into REF_ELEMENT_ATTRIBUTES (ELEMENT_ATTRIBUTE_ID,ELEMENT_ATTRIBUTE_NAME,ELEMENT_TYPE_ID,ELEMENT_ATTRIBUTE_DESCRIPTION,SET_BY_USER,VERIFICATION_SOURCE_ID,ELEMENT_IDENTIFIER_ID,USER_GROUPS) values (25,'Can invest in PSIC',1,null,1,null,null,null);
Insert into REF_ELEMENT_ATTRIBUTES (ELEMENT_ATTRIBUTE_ID,ELEMENT_ATTRIBUTE_NAME,ELEMENT_TYPE_ID,ELEMENT_ATTRIBUTE_DESCRIPTION,SET_BY_USER,VERIFICATION_SOURCE_ID,ELEMENT_IDENTIFIER_ID,USER_GROUPS) values (26,'Verified by CCLA',1,'Internal Organisation',0,14,null,null);


/*     ELEMENT_IDENTIFIERS  */    

Insert into REF_ELEMENT_IDENTIFIERS (ELEMENT_IDENTIFIER_ID,ELEMENT_TYPE_ID,IDENTIFIER_NAME) values (7,1,'Local Authority Code');
Insert into REF_ELEMENT_IDENTIFIERS (ELEMENT_IDENTIFIER_ID,ELEMENT_TYPE_ID,IDENTIFIER_NAME) values (8,1,'OSCAR URN');
Insert into REF_ELEMENT_IDENTIFIERS (ELEMENT_IDENTIFIER_ID,ELEMENT_TYPE_ID,IDENTIFIER_NAME) values (9,2,'OSCAR URN');

/* Relation Properties */
REM INSERTING into REF_PROPERTY
Insert into REF_PROPERTY (PROPERTY_ID,PROPERTY_NAME,VERIFICATION_SOURCE_ID,SET_BY_USER,PROPERTY_TYPE,IS_SINGLETON) values (5,'Verified by CCLA',14,0,'BOOL',0);
Insert into REF_PROPERTY (PROPERTY_ID,PROPERTY_NAME,VERIFICATION_SOURCE_ID,SET_BY_USER,PROPERTY_TYPE,IS_SINGLETON) values (6,'Verified by ONS',5,0,'BOOL',0);

/* Relation Props Applied */
REM INSERTING into REF_RELATION_PROPERTY
Insert into REF_RELATION_PROPERTY (RELATION_PROPERTY_ID,RELATION_NAME_ID,PROPERTY_ID) values (13,11,6);
Insert into REF_RELATION_PROPERTY (RELATION_PROPERTY_ID,RELATION_NAME_ID,PROPERTY_ID) values (14,12,5);
Insert into REF_RELATION_PROPERTY (RELATION_PROPERTY_ID,RELATION_NAME_ID,PROPERTY_ID) values (15,12,6);
Insert into REF_RELATION_PROPERTY (RELATION_PROPERTY_ID,RELATION_NAME_ID,PROPERTY_ID) values (16,11,4);

-- New additions required by Donna for data load.

Insert into REF_VERIFICATION_SOURCE (VERIFICATION_SOURCE_ID,VER_SOURCE_NAME,VER_SOURCE_DESCRIPTION,SUPPORTING_DOC_REQUIRED,IS_OVERRIDE) values (16,'Lisa Scott','Verified by Lisa',0,0);
Insert into REF_VERIFICATION_SOURCE (VERIFICATION_SOURCE_ID,VER_SOURCE_NAME,VER_SOURCE_DESCRIPTION,SUPPORTING_DOC_REQUIRED,IS_OVERRIDE) values (15,'OSCAR','Verified by OSCAR',0,0);
Insert into REF_ELEMENT_ATTRIBUTES (ELEMENT_ATTRIBUTE_ID,ELEMENT_ATTRIBUTE_NAME,ELEMENT_TYPE_ID,ELEMENT_ATTRIBUTE_DESCRIPTION,SET_BY_USER,VERIFICATION_SOURCE_ID,ELEMENT_IDENTIFIER_ID) values (27,'Verified by OSCAR',1,null,1,15,8);
Insert into REF_ELEMENT_ATTRIBUTES (ELEMENT_ATTRIBUTE_ID,ELEMENT_ATTRIBUTE_NAME,ELEMENT_TYPE_ID,ELEMENT_ATTRIBUTE_DESCRIPTION,SET_BY_USER,VERIFICATION_SOURCE_ID,ELEMENT_IDENTIFIER_ID) values (28,'Verified by LISA',1,'Catch all source for PSDF seed fund upload',0,16,null);
Insert into REF_PROPERTY (PROPERTY_ID,PROPERTY_NAME,VERIFICATION_SOURCE_ID,SET_BY_USER,PROPERTY_TYPE,IS_SINGLETON) values (7,'Verified by OSCAR',15,0,'BOOL',0);
Insert into REF_RELATION_PROPERTY (RELATION_PROPERTY_ID,RELATION_NAME_ID,PROPERTY_ID) values (17,11,7);
Insert into REF_RELATION_PROPERTY (RELATION_PROPERTY_ID,RELATION_NAME_ID,PROPERTY_ID) values (18,12,7);
Insert into REF_RELATION_PROPERTY (RELATION_PROPERTY_ID,RELATION_NAME_ID,PROPERTY_ID) values (19,1,5);


